,Unnamed: 0,env_delta,env_max,env_mean,env_std,time
0,0,22.4670494285,-18.8748389878,-23.6857009432,3.50352922009,2.8212244898
1,1,20.8548606768,-20.4870277395,-26.2476584728,3.62311504564,8.67265306122
2,2,13.7309291878,-27.6109592285,-31.1606870043,1.77397691864,14.7214512472
3,3,11.9377631777,-29.4041252386,-32.4880267517,1.93998365942,20.7644444444
4,4,15.2442516219,-26.0976367944,-29.1538731136,2.70058637666,26.3546485261
5,5,16.148382971,-25.1935054453,-29.1512748776,3.67796290003,31.5675283447
6,6,17.2980644055,-24.0438240108,-28.7047345163,3.21014765402,36.8210430839
