,env_delta,env_max,env_mean,env_std,time
0,11.9714308109,-30.5617375437,-34.2160412451,2.58540995549,1.82857142857
1,15.5846299649,-26.9485383896,-29.3599518653,2.30874617099,8.98612244898
2,10.3115960206,-32.221572334,-34.9347658112,1.97975732446,15.5109297052
