,Unnamed: 0,env_delta,env_max,env_mean,env_std,time
0,0,6.156884207955072,-20.998335405838827,-23.744229147898636,2.54373531867051,0.31346938775510197
1,1,12.501663897807012,-14.653555715986894,-18.302795339315352,1.7131269840994778,2.8966893424036275
