,Unnamed: 0,env_delta,env_max,env_mean,env_std,time
0,0.0,9.99252535393,-34.8543834384,-44.5466562493,1.35461401927,2.35682539683
1,1.0,10.9158003918,-33.9311084005,-44.3413263382,1.70013574008,7.22140589569
2,,,,,,11.8352717431
3,,,,,,16.648282252
4,,,,,,21.224587326
5,,,,,,25.6036378709
6,,,,,,30.6928047205
7,,,,,,35.8608733816
8,,,,,,40.1610221149
