,env_delta,env_max,env_mean,env_std,time
0,2.79211441743,-35.4026541247,-35.8882235866,0.555513452282,0.133514739229
