,env_delta,env_max,env_mean,env_std,time
0,2.57224272283,-41.3620225359,-43.6839535981,0.685446568572,1.97369614512
1,3.88432338922,-40.0499418695,-42.113883527,0.913954222686,10.652154195
2,3.54479325756,-40.3894720012,-42.1602060587,0.905510463958,84.3348752834
