,env_delta,env_max,env_mean,env_std,time
0,10.3580364606,-34.4679977889,-44.6570720013,1.40505545415,7.27365079365
1,16.6617884002,-28.1642458493,-44.235202703,2.66722441469,12.0859863946
