,env_delta,env_max,env_mean,env_std,time
0,5.22259993231,-38.6742114706,-40.72945323,1.64500995251,18.6340136054
1,4.82152481119,-39.0752865918,-42.2383061839,1.65625095309,26.836462585
