,Unnamed: 0,env_delta,env_max,env_mean,env_std,time
0,0.0,9.47849376364,-32.2055517143,-40.0817523572,3.15276500966,13.0205895692
1,1.0,7.87309729363,-33.8109481843,-41.0679069882,2.92420481945,29.9363265306
2,,,,,,19.7595884232
3,,,,,,6.66886109282
4,,,,,,0.123497427645
5,,,,,,35.4025959249
6,,,,,,40.795316932
