,Unnamed: 0,env_delta,env_max,env_mean,env_std,time
0,0,17.56939143673626,-23.94001857972616,-27.27386166573446,3.1290382064455504,2.7747845804988662
1,1,15.998339212962284,-25.511070803500143,-29.01404588887868,3.1236093097970463,9.375056689342404
2,2,12.993537804732783,-28.515872211729647,-32.25498743549861,3.7041478126357834,16.021768707482995
3,3,15.267473425127134,-26.241936591335286,-29.66471523780164,3.643749253550619,22.482721088435373
4,4,13.64715691666924,-27.862253099793183,-31.26593936179852,2.974794262747149,29.22231292517007
