,Unnamed: 0,env_delta,env_max,env_mean,env_std,time
0,0,2.8798994060394563,-35.293813188118065,-35.87029249087282,0.5512046703962326,0.13351473922902493
