,Unnamed: 0,env_delta,env_max,env_mean,env_std,time
0,0,12.09497473938326,-32.33375085170869,-42.89535419403228,2.155306545767305,1.56734693877551
1,1,6.497530499451628,-37.93119509164032,-43.70348702103756,1.4623286329731515,5.723718820861678
2,2,5.6186671918109985,-38.810058399280955,-44.13545088306041,0.9901557598337242,12.776780045351474
3,3,6.104450588571532,-38.324275002520416,-43.9319702877344,1.2126604300205353,18.92426303854875
4,4,9.724707948568984,-34.70401764252296,-43.54271572451054,1.7130370271599578,22.064761904761905
5,5,4.130836559630231,-40.29788903146172,-44.154318977633324,0.7409335262390211,25.6
6,6,7.181134409419742,-37.24759118167221,-44.23791674116501,1.272234337570324,28.682448979591843
7,7,5.374354859344393,-39.05437073174755,-44.16810710453495,1.024048381222427,31.57333333333333
