,Unnamed: 0,env_delta,env_max,env_mean,env_std,time
0,0.0,9.611428335576493,-33.601776237509426,-36.91706415633926,2.2448704881129067,2.321995464852608
1,1.0,4.035550143161109,-39.177654429924814,-42.24144027217857,1.4126908438974897,24.83954648526077
2,2.0,7.299016289039521,-35.914188284046396,-39.35223180644876,1.989755279736329,35.648435374149656
3,,,,,,12.420452051788457
4,,,,,,45.541657523224345
5,,,,,,57.63866030283081
