,Unnamed: 0,env_delta,env_max,env_mean,env_std,time
0,0.0,10.3467665215,-15.5981984989,-16.6987268543,1.26016446547,0.116099773243
1,,,,,,1.92729134665
2,,,,,,3.99224636091
3,,,,,,5.94248165216
4,,,,,,8.09921244483
5,,,,,,10.1871114037
6,,,,,,12.5503376978
7,,,,,,14.5923487675
8,,,,,,16.7949674493
9,,,,,,19.1352497988
10,,,,,,21.3149245361
11,,,,,,23.5634311072
