,Unnamed: 0,env_delta,env_max,env_mean,env_std,time
0,0,5.3339532449516485,-29.83987930475386,-31.91711095394461,1.4134364974524425,2.0375510204081637
1,1,6.333742848628982,-28.840089701076533,-30.607024716356694,1.6310286446949025,11.824761904761903
2,2,7.796315775809192,-27.37751677389632,-29.808467568640236,1.8562477101567916,21.32172335600907
3,3,11.011932545383694,-24.161900004321808,-26.881616808929838,3.1067070802628143,30.917369614512467
4,4,15.83006978630386,-19.34376276340165,-23.49091666331152,3.2400447557570837,40.56526077097506
5,5,10.702644458230603,-24.471188091474904,-28.82480977516613,3.3895993534702145,50.0041723356009
6,6,10.710137312938574,-24.46369523676693,-28.04335890283888,2.255296267503922,59.210884353741505
7,7,9.279955970107,-25.893876579598512,-27.163352987996177,0.6482020005208179,68.42340136054422
