,env_delta,env_max,env_mean,env_std,time
0,3.869839191,-33.836295482,-34.4266223586,0.403430580091,14.1003174603
1,4.23833717121,-33.4677975018,-34.4981775373,1.34416566481,16.700952381
2,3.50904051863,-34.1970941544,-34.7342361042,0.368732135447,21.9370521542
3,6.63900157515,-31.0671330979,-31.7859511521,0.359899348607,24.5957369615
4,7.35748619123,-30.3486484818,-30.6362353576,0.163986445987,27.3414965986
5,8.04531970959,-29.6608149634,-30.466895687,0.577895811523,30.0698412698
