,env_delta,env_max,env_mean,env_std,time
0,10.8881705766,-33.8129701724,-44.2636120267,1.56489984905,2.60063492063
1,8.46216215621,-36.2389785927,-43.8821116511,1.52479051216,7.73224489796
2,9.05254617295,-35.648594576,-44.0493372786,1.58484393782,13.1541043084
3,2.98892437966,-41.7122163693,-44.6774389994,0.365035722517,18.5701587302
4,5.2670589372,-39.4340818118,-44.5124119568,0.800427603895,23.5276190476
5,3.77098647219,-40.9301542768,-44.5819930007,0.579748510852,28.2935147392
6,3.32532245275,-41.3758182962,-44.6915159072,0.375030259044,33.6863492063
