,Unnamed: 0,env_delta,env_max,env_mean,env_std,time
0,0,4.748464984154559,-39.47196346161849,-43.74195007582332,0.9728065954766966,0.6559637188208617
1,1,10.57652627414192,-33.64390217163113,-42.20352147308568,2.169385587668411,6.478367346938776
2,2,7.178350187140893,-37.04207825863215,-43.714396897942905,1.257923926819325,11.923446712018142
3,3,9.296112284907407,-34.924316160865644,-43.48649046823196,1.7637203229756582,16.561632653061224
4,4,7.967910165287797,-36.25251828048525,-44.0706249161804,1.112305022609671,22.140226757369614
5,5,12.506910377021981,-31.713518068751068,-43.25098911121254,2.0049699752876906,26.041179138322
6,6,6.20936937396921,-38.01105907180384,-43.557935480137,1.5069168704321254,32.10739229024944
7,7,11.688864413288885,-32.53156403248416,-43.757838853415706,1.8269658608609047,36.53659863945578
