,env_delta,env_max,env_mean,env_std,time
0,12.5633195561,-32.2402203316,-43.2729753469,3.07067768538,6.72217687075
1,4.74488636206,-40.0586535256,-44.7551435969,0.667094048268,11.8828117914
2,5.63092265483,-39.1726172329,-44.5975765766,0.914763724838,16.579047619
