,Unnamed: 0,env_delta,env_max,env_mean,env_std,time
0,0,26.261047100241946,-17.579327091837687,-35.16162549967772,6.453778014092427,1.944671201814059
1,1,15.827333896442154,-28.013040295637484,-41.58333634726888,3.1636897893491507,7.650975056689342
2,2,12.99272844168909,-30.847645750390548,-41.44791907373418,2.861007953234273,12.579410430839006
3,3,10.796522236088967,-33.043851955990675,-42.779743313376215,2.22843181810042,17.65877551020408
4,4,6.439609532136494,-37.40076465994314,-43.51526744970831,1.3803365810415102,21.995102040816327
