,env_delta,env_max,env_mean,env_std,time
0,2.70593223532,-40.0753968571,-40.9461380473,0.364555037828,4.99229024943
1,3.68316649068,-39.0981626017,-39.5889928302,0.288612439122,7.37233560091
2,3.4804886081,-39.3008404843,-39.9868389274,0.376965122075,9.54920634921
3,3.42092678581,-39.3604023066,-40.146202725,0.518772361678,12.0801814059
4,3.09387840505,-39.6874506874,-41.6139360293,0.950640954221,16.9331519274
5,3.28248258319,-39.4988465092,-41.0289678769,0.731298773635,24.0152380952
6,3.4717172293,-39.3096118631,-40.3213004775,0.579041958284,26.3546485261
7,4.42353184672,-38.3577972457,-40.1438783358,1.29337732118,28.9901133787
