,env_delta,env_max,env_mean,env_std,time
0,6.15073519075,-36.682813352,-41.7867571615,1.69278173544,3.99963718821
1,6.38554324936,-36.4480052934,-40.9886609302,1.83026163467,13.9958276644
2,5.17307038649,-37.6604781563,-40.5946899924,1.58325813424,23.9746031746
3,7.1992803718,-35.634268171,-39.1638126908,1.72726141638,33.1639002268
4,6.35729456782,-36.476253975,-39.5116795927,1.63610509172,42.7653514739
5,7.88731634475,-34.946232198,-37.7916940614,1.51944047866,51.7340589569
6,9.19688555944,-33.6366629833,-36.7021330025,1.48580447493,60.9697959184
7,9.92015153988,-32.9133970029,-35.3494109453,1.35983565467,70.3274376417
