,Unnamed: 0,env_delta,env_max,env_mean,env_std,time
0,2.0,26.1145380732534,-17.291986318846373,-38.23302421338832,6.844814260267874,10.866938775510205
1,,,,,,6.780776826859777
2,,,,,,1.144256089532587
