,env_delta,env_max,env_mean,env_std,time
0,10.1862790122,-30.7101625419,-40.0326646457,3.99832427264,0.168344671202
1,10.8091468745,-30.0872946796,-39.8041966772,4.23480935317,2.06077097506
