,env_delta,env_max,env_mean,env_std,time
0,3.53276912333,-40.4459871983,-42.3600242561,1.75216012915,86.8832653061
1,5.28243147047,-38.6963248512,-40.7259374463,1.46380310914,96.8039909297
