,Unnamed: 0,env_delta,env_max,env_mean,env_std,time
0,,,,,,0.312799193752
1,,,,,,2.50239355001
2,,,,,,4.83635676493
3,,,,,,7.05001259763
4,,,,,,9.48022171832
5,,,,,,11.5254472159
6,,,,,,13.811287478
7,,,,,,15.8565129756
8,,,,,,17.8776769967
9,,,,,,20.1394557823
10,,,,,,22.5215419501
11,,,,,,25.0239355001
