,Unnamed: 0,env_delta,env_max,env_mean,env_std,time
0,0,6.721896464069079,-30.039809367451053,-31.13151192160075,0.9038608775196084,0.8939682539682541
1,1,4.5806107517310295,-32.1810950797891,-32.872935671396014,0.284157513227982,3.5004081632653063
2,2,3.792131883400181,-32.96957394811995,-33.90062388593292,0.3882175568154556,6.112653061224488
3,3,3.2896953188021527,-33.47201051271798,-34.28527931863892,0.5044181960631073,8.817777777777778
4,4,3.812619513051565,-32.949086318468574,-33.870202987034446,0.4629857505615014,11.325532879818597
