,Unnamed: 0,env_delta,env_max,env_mean,env_std,time
0,0,17.2139925467,-13.9119436522,-14.8759865532,0.351383159421,2.6819047619
1,1,18.3703729507,-12.7555632482,-13.3634240894,0.26963172134,11.1746031746
2,2,19.1702527592,-11.9556834397,-12.5360679852,0.302790690311,19.7485714286
3,3,19.288260661,-11.8376755379,-12.9729638909,1.14324601541,28.3457596372
