,Unnamed: 0,time
0,,2.58132787165
1,,0.21996277603
2,,4.99444891457
