,Unnamed: 0,env_delta,env_max,env_mean,env_std,time
0,0.0,9.585124339123766,-33.81553621797994,-42.481308667023924,2.639200626124631,0.10448979591836736
1,3.0,11.419387980071333,-31.98127257703237,-41.90467805120387,3.732225697891369,20.230385487528345
2,4.0,7.751694428005037,-35.648966129098675,-43.416819580161594,1.850926189162177,26.406893424036284
3,,,,,,7.264739229024945
4,,,,,,13.843537414965988
