,env_delta,env_max,env_mean,env_std,time
0,12.0274588674,-29.2540091288,-38.1157979161,4.18381841793,41.2328344671
