,Unnamed: 0,time
0,,12.67372540414015
1,,10.108624094799211
2,,7.558700899714725
3,,4.9480652476044185
4,,2.4892107380586648
5,,0.04553434276936574
