,Unnamed: 0,time
0,,2.276168531928901
1,,7.38490234803599
2,,11.93723941189379
3,,16.48957647575159
4,,20.434935264428354
5,,24.886109282422645
6,,29.033794162826418
7,,32.82740838270792
8,,36.82334869431644
9,,41.02161509765196
10,,44.966973886328724
11,,48.457098968619704
