,Unnamed: 0,env_delta,env_max,env_mean,env_std,time
0,0.0,5.907690596093108,-19.91763173636777,-23.498395606276983,1.8792943600886016,0.1160997732426304
1,,,,,,2.126398946675444
2,,,,,,4.173057932850559
3,,,,,,6.405776826859774
4,,,,,,8.611915734035549
5,,,,,,10.871214614878209
6,,,,,,13.289993416721526
7,,,,,,15.41639236339697
8,,,,,,17.542791310072413
9,,,,,,19.6957702435813
10,,,,,,22.061389071757734
11,,,,,,24.161208031599735
