,Unnamed: 0,env_delta,env_max,env_mean,env_std,time
0,0.0,11.7749362777,-29.0143119308,-37.5942236042,3.86466593967,23.3476643991
1,,,,,,30.0933037492
2,,,,,,36.2839262348
3,,,,,,42.3025869846
4,,,,,,16.8092596656
5,,,,,,10.102751973
6,,,,,,5.15885207129
7,,,,,,0.128971301782
