,Unnamed: 0,env_delta,env_max,env_mean,env_std,time
0,0,26.56337663585366,-16.424871569300485,-30.22966626462986,5.205862602977165,0.4063492063492064
2,2,21.378050592562804,-21.610197612591342,-35.152832996754796,5.0024355540918055,7.8947845804988654
4,4,26.634321347713033,-16.35392685744112,-35.158484553769824,6.615841525015397,14.791111111111109
5,5,23.225787178382756,-19.762461026771398,-40.22795469789949,5.081329361986582,19.702131519274374
6,6,20.65497477962896,-22.333273425525192,-39.45604796285016,4.017079683494236,25.13560090702948
7,7,22.88162048458303,-20.106627720571122,-38.9631856029841,4.919907992641967,31.22503401360544
8,8,19.56822812520545,-23.420020079948692,-40.56926814183388,4.3354980551170215,36.728163265306115
9,9,23.513289128709026,-19.474959076445124,-39.50616097932632,5.294794328282187,42.68408163265306
