,env_delta,env_max,env_mean,env_std,time
0,23.888187638,-18.8722139159,-35.5086797355,5.39542715609,1.74149659864
1,25.8249224884,-16.9354790655,-36.6245347631,6.37773579408,7.99346938776
2,3.48512162575,-39.2752799282,-43.3466190166,1.44938719219,8.95709750567
3,26.3247015223,-16.4357000316,-37.849165273,7.27553892116,13.2992290249
