,env_delta,env_max,env_mean,env_std,time
0,2.57770656347,-41.2776251695,-41.7296033397,0.208354169855,28.2064399093
1,3.87217088055,-39.9831608525,-41.0573969112,0.661476260045,32.5950113379
2,3.23820835713,-40.6171233759,-41.3407678509,0.686146687731,36.9545578231
3,2.50063420137,-41.3546975316,-41.7438847883,0.374886458543,41.2618594104
4,3.13132449215,-40.7240072409,-41.3002472065,0.440410362884,45.6562358277
5,3.24885145489,-40.6064802781,-40.8659062787,0.219372941082,49.963537415
