,env_delta,env_max,env_mean,env_std,time
0,4.71791186066,-39.6394664129,-43.6733169757,1.15810142434,1.57315192744
1,4.14122462726,-40.2161536463,-44.1868733511,0.868418158996,5.51473922902
2,10.8802368072,-33.4771414664,-43.847793953,1.59549292848,9.77560090703
