,Unnamed: 0,env_delta,env_max,env_mean,env_std,time
0,0,18.671976462470308,-21.570334800454702,-26.15025845921011,2.0519695613954863,1.5615419501133787
1,1,26.4747510873595,-13.767560175565512,-18.21134005187157,2.7664675684588267,14.52408163265306
2,2,20.601198093268206,-19.64111316965681,-24.42281539979428,2.073430944669422,26.38947845804989
3,3,19.11755860153457,-21.124752661390445,-25.40203457100882,2.026947962922456,36.664308390022676
4,4,23.589109103487054,-16.65320215943796,-23.124223984051405,3.6675341215321087,46.573424036281175
