,Unnamed: 0,time
0,,0.164728256894
1,,2.5670153366
2,,5.03793919001
