,Unnamed: 0,env_delta,env_max,env_mean,env_std,time
0,0,5.944559039943839,-33.1145209023845,-33.606086830284646,0.29541062300537124,0.3366893424036281
1,1,6.157916471686307,-32.90116347064203,-33.69568714345134,0.3958205372603316,4.31891156462585
2,2,12.47778451324707,-26.58129542908127,-27.087308708071237,0.21788739407412747,8.370793650793651
3,3,13.753927419204153,-25.305152523124185,-25.92532915088687,0.4691159497757257,12.393650793650794
4,4,12.983300678153466,-26.075779264174876,-26.524858692603942,0.4170387258479218,16.399092970521547
5,5,12.355104586920273,-26.70397535540807,-28.16001152097807,0.994597359589118,20.363900226757373
6,6,7.062419523813818,-31.99666041851452,-32.85046914171257,0.3302174855569032,24.322902494331064
7,7,3.99366190559364,-35.0654180367347,-35.74362091009216,0.3319606798480053,28.26448979591837
8,8,14.199341449182278,-24.859738493146057,-25.75899747761707,0.4694890950901688,32.43827664399093
