,Unnamed: 0,env_delta,env_max,env_mean,env_std,time
0,0,12.080991976671314,-31.89051451563035,-40.786382037529656,2.8283428989624064,1.8285714285714283
1,1,14.8902559677321,-29.08125052456957,-39.918519728171894,3.9119567380810065,8.388208616780044
2,2,13.131638985124084,-30.839867507177576,-40.169752867969066,3.103486550578285,15.330975056689342
