,env_delta,env_max,env_mean,env_std,time
0,17.5877157385,-22.7016933649,-27.0209644873,2.15649769056,1.25968253968
1,16.9856280575,-23.3037810459,-27.6003341032,2.59698347118,7.38394557823
2,11.5550464133,-28.7343626901,-32.3893695837,1.91282973484,13.4443537415
3,10.5883658496,-29.7010432538,-32.3861826216,1.43619893552,20.1433106576
4,2.76521263003,-37.5241964734,-40.7172622988,1.10416429732,25.7741496599
