,env_delta,env_max,env_mean,env_std,time
0,11.0266752596,-22.4270091082,-24.0955754502,1.33391706325,1.06811791383
