,env_delta,env_max,env_mean,env_std,time
0,3.51329036841,-40.6261379802,-42.5588511376,1.10636665449,101.982040816
