,Unnamed: 0,env_delta,env_max,env_mean,env_std,time
0,0.0,15.544728331757195,-24.791076683171514,-36.61395702256228,4.824075095675148,0.07546485260770976
1,1.0,10.913939361159963,-29.421865653768748,-36.501869739034724,3.545912022084945,6.7279818594104315
2,2.0,11.66686670644524,-28.66893830848347,-36.312570518886716,2.812887833736643,13.897142857142857
3,3.0,12.490448963501633,-27.84535605142708,-35.08650617192489,3.101521874784069,21.072108843537414
4,4.0,11.058533257308968,-29.277271757619747,-35.52454290571859,3.4718183881373132,29.14684807256236
5,5.0,9.958145638507288,-30.377659376421427,-37.685592743654254,2.983367463115953,43.461950113378684
6,,,,,,35.604413539609396
7,,,,,,49.743965328066714
