,Unnamed: 0,time
0,,19.55346627898471
1,,16.016046741277155
2,,11.502038987638064
3,,6.922925352936874
4,,2.3438117182356817
