,Unnamed: 0,env_delta,env_max,env_mean,env_std,time
0,0.0,4.467124655989328,-18.075963373804246,-18.918427516460003,0.7065081981238582,0.13351473922902493
1,1.0,4.647663969326847,-17.895424060466727,-19.77831201581179,4.1505458641850765,4.742675736961451
2,,,,,,2.3433179723502304
