,env_delta,env_max,env_mean,env_std,time
0,6.09224408548,-21.0731279496,-23.7582831684,2.54451392218,0.313469387755
1,12.594822927,-14.5705491081,-18.3370641492,1.73042281554,2.90829931973
