,env_delta,env_max,env_mean,env_std,time
0,5.97575387457,-38.1283285005,-42.7439724253,1.13284943741,8.21986394558
1,3.84567365885,-40.2584087162,-41.8504431423,0.565322497071,13.2702040816
