,Unnamed: 0,env_delta,env_max,env_mean,env_std,time
0,0.0,9.17629171058,-31.8671176075,-37.9052828903,2.58288562435,0.156734693878
1,1.0,10.0328868688,-31.0105224492,-36.4147887,3.03077823778,7.47682539683
2,2.0,9.34293641517,-31.7004729029,-39.0919227334,3.31308490565,23.04
3,3.0,8.95225064585,-32.0911586722,-38.4457788145,3.36605570572,30.238185941
4,4.0,10.6477368,-30.3956725181,-38.5949201707,3.53139133491,45.6039909297
5,,,,,,15.5567502987
6,,,,,,38.0981639968
7,,,,,,52.3849754956
