,Unnamed: 0,env_delta,env_max,env_mean,env_std,time
0,0.0,12.9736569806,-31.6137657876,-43.0988892449,2.52384306761,2.47292517007
1,1.0,9.23470949645,-35.3527132718,-44.5554025895,1.45380312235,8.58557823129
2,2.0,9.49107801189,-35.0963447563,-44.5316082683,1.51699947959,13.5024036281
3,3.0,5.6858256437,-38.9015971245,-44.6045146555,1.01319801773,17.5542857143
4,4.0,12.6789533771,-31.9084693911,-44.2681098177,2.23229165308,25.0078911565
5,5.0,16.0826454358,-28.5047773324,-43.8716640347,2.97044611663,28.8159637188
6,6.0,17.4962403828,-27.0911823854,-43.9403680305,3.16590019842,32.5485714286
7,,,,,,21.2681182389
