,Unnamed: 0,env_delta,env_max,env_mean,env_std,time
0,0.0,13.576592486159818,-27.335778776554786,-36.262377290859305,3.4040752804043617,8.614603174603175
1,1.0,10.308300705541438,-30.604070557173166,-36.99308709058821,3.1331284050182533,17.420770975056687
2,2.0,14.806802554616803,-26.105568708097795,-36.89660268180643,4.312002154489977,35.091156462585026
3,,,,,,26.40306122448979
4,,,,,,0.0425170068027203
