,Unnamed: 0,env_delta,env_max,env_mean,env_std,time
0,0.0,5.913880294565808,-38.81408041082276,-44.255280025172794,1.3118182060098382,1.364172335600907
1,1.0,8.77566392833468,-35.95229677705389,-44.45836599070963,1.497631083209347,8.991927437641724
2,,,,,,5.2350413283593
