,Unnamed: 0,env_delta,env_max,env_mean,env_std,time
0,0.0,3.92997327834,-40.9695462582,-44.7570378449,0.623718118199,1.42802721088
1,,,,,,4.90992286998
2,,,,,,7.87031754159
3,,,,,,11.3000430758
4,,,,,,14.765870984
5,,,,,,18.6288250067
6,,,,,,21.5531173043
7,,,,,,24.6940238461
8,,,,,,28.4847731207
9,,,,,,31.7700891587
10,,,,,,36.0301692959
11,,,,,,38.8100520973
