,Unnamed: 0,env_delta,env_max,env_mean,env_std,time
0,0,8.9875677302,-33.7392631079,-39.3802801081,2.42683197215,2.76317460317
1,1,6.89846133658,-35.8283695015,-40.0876415911,1.96078185062,12.0801814059
2,2,8.58014663777,-34.1466842004,-39.6532794641,2.03813407195,21.0488888889
3,3,5.64697826054,-37.0798525776,-40.5213279834,1.39055959326,29.8202267574
4,4,7.07158545796,-35.6552453802,-39.2823428663,1.55167075865,38.7366893424
5,5,7.88426957045,-34.8425612677,-38.1610827588,1.37592535607,47.5196371882
6,6,9.47921638624,-33.2476144519,-36.0373418935,1.36826821463,56.0645804989
7,7,9.02164523275,-33.7051856054,-36.0073407112,1.07012192729,65.5092970522
