,Unnamed: 0,env_delta,env_max,env_mean,env_std,time
0,0.0,2.8859243505280365,-40.404126311333584,-42.80893276167347,0.9178092286628696,2.803809523809524
1,1.0,2.9072553400584558,-40.38279532180317,-41.722011225145295,0.8692729182286605,13.543038548752834
2,2.0,3.753345076089929,-39.53670558577169,-41.022257768938616,0.7549015241837083,23.53922902494331
3,3.0,4.007606989999943,-39.282443671861685,-40.619465342220025,0.9316919876835554,32.983945578231285
4,,,,,,42.30716480140443
