,Unnamed: 0,env_delta,env_max,env_mean,env_std,time
0,0.0,3.51329036841,-40.6261379802,-42.5588511376,1.10636665449,101.982040816
1,,,,,,2.4017100269
2,,,,,,12.4452246849
3,,,,,,23.4712570811
4,,,,,,34.1697835646
5,,,,,,43.1216118467
6,,,,,,53.1651265046
7,,,,,,63.3178098001
8,,,,,,71.8329635319
9,,,,,,81.9856468274
10,,,,,,91.8108242102
11,,,,,,113.426214452
