,Unnamed: 0,env_delta,env_max,env_mean,env_std,time
0,0.0,4.41917739536,-18.1673721076,-18.9613223157,0.698442689265,0.133514739229
1,,,,,,2.33367468851
2,,,,,,4.81521306252
