,Unnamed: 0,env_delta,env_max,env_mean,env_std,time
0,0.0,2.874494889982323,-38.899230723361846,-39.956274464138424,0.7410366308811351,1.4628571428571429
1,1.0,3.1213010559573253,-38.652424557386844,-39.251422648304256,0.3826236580614064,4.12734693877551
2,2.0,2.645241211078229,-39.12848440226593,-39.446781010865905,0.14153160982323906,11.807346938775511
3,,,,,,6.7038804769219515
4,,,,,,9.187330846317021
