,Unnamed: 0,time
0,,1.302263916319216
1,,7.602923158510717
2,,13.903582400702216
