,Unnamed: 0,env_delta,env_max,env_mean,env_std,time
0,0,16.5777099586,-22.8925359997,-32.1531350244,3.34673163692,0.24380952381
3,3,20.4818088422,-18.9884371161,-28.4785399415,3.9143857695,19.173877551
5,5,21.1779529275,-18.2922930308,-28.201263972,4.01400107144,33.3612698413
7,7,18.8521087496,-20.6181372087,-29.2804501776,4.13576003271,45.633015873
9,9,19.8330264569,-19.6372195015,-31.654595438,4.8410537718,58.827755102
10,10,22.5865741301,-16.8836718282,-35.8731771912,6.83643345436,69.4218594104
11,11,29.0315007909,-10.4387451675,-28.4900833841,5.25299573872,82.1812244898
13,13,17.9778782859,-21.4923676724,-31.704868675,3.74334714151,93.2803628118
