,Unnamed: 0,env_delta,env_max,env_mean,env_std,time
0,0.0,14.9189597073,-28.4731790422,-39.7255825349,3.69737341138,23.6959637188
2,,,,,,12.5229561359
3,,,,,,0.0920805598225
