,Unnamed: 0,env_delta,env_max,env_mean,env_std,time
0,0.0,8.73991235755679,-33.66371029751586,-40.29041687111486,2.0600162647132607,0.07546485260770976
1,1.0,15.412383137755134,-26.99123951731752,-38.469320461623404,2.246672479987145,12.045351473922903
2,2.0,26.236083624862818,-16.16753903020983,-28.240131875485073,7.140589035586859,34.73705215419501
3,3.0,18.181436521744534,-24.222186133328112,-34.38137615266863,4.0945107192075385,42.724716553287976
4,4.0,20.17638629022682,-22.227236364845833,-39.89149060941781,6.288351779940656,49.3772335600907
5,5.0,16.990769025753067,-25.412853629319585,-40.79788047007793,3.5382081742755807,58.758095238095244
6,6.0,12.217621061948993,-30.186001593123656,-39.204340150963404,2.105957646349164,66.80380952380952
7,,,,,,23.781179138321995
