,Unnamed: 0,env_delta,env_max,env_mean,env_std,time
0,0.0,8.739463882432126,-35.73938125751171,-44.085833054776295,1.5323624073349418,8.910657596371884
1,1.0,4.681649637488562,-39.79719550245528,-44.48899497658064,0.8759882547441806,13.496598639455787
2,2.0,8.921159629431749,-35.557685510512094,-43.91196848459775,1.8416806168648268,17.351111111111113
3,3.0,7.900021859928992,-36.57882328001485,-44.08210404556615,1.4265105942231833,20.897959183673468
4,4.0,15.375469475771222,-29.10337566417261,-43.618925911865006,2.8113552821841674,29.088798185941048
5,,,,,,24.702188940092164
6,,,,,,5.341013824884793
7,,,,,,1.8757131885012068
