,Unnamed: 0,Unnamed: 0.1,time
0,0,,1.39397264282
1,1,,4.59190988223
2,2,,7.89917830932
