,Unnamed: 0,time
0,,1.4787552117621243
1,,4.598173140223832
2,,8.062993745885452
