,env_delta,env_max,env_mean,env_std,time
0,13.3564979859,-22.473612933,-34.0725744837,5.94024477574,0.168344671202
1,14.6228891215,-21.2072217974,-33.756614188,5.98964056817,2.21750566893
