,Unnamed: 0,env_delta,env_max,env_mean,env_std,time
0,0,12.645117406394064,-29.428908085981927,-37.088568487172886,3.2528454244479312,0.07546485260770976
