,Unnamed: 0,env_delta,env_max,env_mean,env_std,time
0,0.0,9.33807124582751,-31.681203664874463,-37.889054917898605,2.5772814263568344,0.1509297052154195
1,1.0,10.22813681814015,-30.791138092561823,-36.39171634195058,3.0433075781991747,7.476825396825397
2,2.0,9.495661063491278,-31.523613847210694,-39.28189398217489,3.0974942148815185,22.99356009070295
3,3.0,8.904655383603135,-32.11461952709884,-38.08890340015535,3.4138198335763,30.203356009070287
4,4.0,10.796796220605348,-30.222478690096626,-38.574955062723475,3.5492644266347484,45.60399092970521
5,,,,,,15.358322361202543
6,,,,,,37.97910723429156
7,,,,,,52.26591873308463
