,Unnamed: 0,env_delta,env_max,env_mean,env_std,time
0,0,13.876560706302712,-17.945773296587586,-28.980689937053462,6.015760198971852,0.16253968253968254
1,1,14.40718606898285,-17.415147933907445,-30.460439721515144,6.299477265653339,2.594829931972789
