,Unnamed: 0,env_delta,env_max,env_mean,env_std,time
0,0.0,3.53276912333,-40.4459871983,-42.3600242561,1.75216012915,86.8832653061
1,1.0,5.28243147047,-38.6963248512,-40.7259374463,1.46380310914,96.8039909297
2,,,,,,105.365961199
3,,,,,,77.3765432099
4,,,,,,68.5537918871
5,,,,,,58.311287478
6,,,,,,47.2574955908
7,,,,,,39.5502645503
8,,,,,,29.9162257496
9,,,,,,20.0793650794
10,,,,,,10.4453262787
11,,,,,,0.811287477954
