,Unnamed: 0,time
0,,1.950597981127935
1,,6.335984931607053
2,,10.970384390315267
