,env_delta,env_max,env_mean,env_std,time
0,3.92997327834,-40.9695462582,-44.7570378449,0.623718118199,1.42802721088
