,Unnamed: 0,env_delta,env_max,env_mean,env_std,time
0,0,17.924985100878505,-26.57319765135497,-42.928914250797106,3.4342563607652634,1.7589115646258504
1,1,10.831792047404605,-33.66639070482887,-43.9997506147182,1.8228998264071343,7.755464852607711
2,2,10.858863618656363,-33.63931913357711,-43.25186551062815,2.7481800066844944,14.01324263038549
