,env_delta,env_max,env_mean,env_std,time
0,22.0160260335,-20.557228045,-40.4054099428,5.43175249141,0.116099773243
1,7.85130030404,-34.7219537745,-43.5902865212,1.87010540262,1.06811791383
2,23.6622340634,-18.9110200152,-39.273624108,6.55142982425,16.2829931973
3,18.4121310135,-24.161123065,-34.2342918825,4.55437378808,27.0570521542
4,13.2014315517,-29.3718225268,-38.0966900855,2.98429861533,27.678185941
