,Unnamed: 0,env_delta,env_max,env_mean,env_std,time
0,0,6.416136138846753,-33.69808044383587,-35.83024049115173,0.8531284754150917,0.8823582766439909
1,1,8.791365648778704,-31.322850933903922,-34.806760519823115,1.6062013929571752,4.1912018140589575
2,2,7.123438048945005,-32.99077853373762,-35.76135553466808,1.234004489379514,7.349115646258503
