,env_delta,env_max,env_mean,env_std,time
0,8.35882978816,-35.6278659611,-43.8197108781,1.52341664793,1.52671201814
1,10.7797289288,-33.2069668205,-42.9054846271,2.35483117531,3.16952380952
2,11.7287770237,-32.2579187256,-43.0580327886,2.61382433083,5.03873015873
3,7.39370175839,-36.5929939909,-43.8462361493,1.28733768047,6.80925170068
4,4.91970591916,-39.0669898301,-44.3674676332,0.703342744534,15.1510204082
5,7.84164798855,-36.1450477607,-44.1270938362,1.41075372777,20.857324263
