,Unnamed: 0,env_delta,env_max,env_mean,env_std,time
0,0.0,9.66489746527,-33.7435788966,-42.4194153045,2.70643500165,0.0986848072562
1,1.0,13.9628480628,-29.4456282991,-36.7702219352,3.01941782516,7.47682539683
2,3.0,11.9059736912,-31.5025026707,-41.8325697296,3.80317506997,20.2245804989
3,4.0,7.60167377281,-35.8068025891,-43.4276969712,1.83874087542,26.406893424
4,,,,,,13.8296800202
