,Unnamed: 0,env_delta,env_max,env_mean,env_std,time
0,,,,,,3.0650647355716476
1,,,,,,0.771340794382269
2,,,,,,5.368937897739741
3,,,,,,7.601766513056836
4,,,,,,9.245940311608514
