,Unnamed: 0,env_delta,env_max,env_mean,env_std,time
0,0,11.470560664492949,-26.359768533597478,-30.922623408237786,2.1620207747195144,1.7473015873015874
1,1,10.210084500424609,-27.62024469766581,-31.83403232343866,3.4674037354167764,10.768253968253967
2,2,7.5897467097566675,-30.240582488333764,-32.10228024382357,1.2902091462071552,20.323265306122448
3,3,10.856230300272708,-26.974098897817715,-32.922542584622576,4.8845738455221905,30.580680272108847
4,4,7.351270187962168,-30.479059010128253,-32.344027946863946,1.2137984940925155,40.29823129251701
