,Unnamed: 0,env_delta,env_max,env_mean,env_std,time
0,0,18.460132482483193,-25.86775308865353,-42.746186813446215,4.227161086410691,1.9911111111111108
1,1,19.347780302164235,-24.980105268972483,-43.650054394981396,2.9435004684372106,6.635102040816326
2,2,22.37120707817976,-21.956678492956964,-42.79863308623248,4.41598114280737,11.935056689342403
3,3,19.427596822942935,-24.90028874819378,-43.33595505650619,2.8792341973663684,18.007074829931973
4,4,14.696835485253805,-29.63105008588291,-43.86467156934715,2.3681714270169474,24.102312925170068
