,Unnamed: 0,time
0,,0.06640882159315353
1,,2.6895572745227136
2,,5.711158657011192
3,,8.699555628703095
4,,11.721157011191572
5,,14.809167215273206
6,,17.59833772218565
7,,20.221486175115206
8,,22.711816984858462
9,,25.202147794601714
10,,27.725683015141545
11,,30.514853522053986
