,Unnamed: 0,time
0,,6.0185794748
1,,0.0341964742886
