,Unnamed: 0,env_delta,env_max,env_mean,env_std,time
0,0,2.6305369424058043,-41.07916609695312,-43.29744166689772,0.7229279152853105,2.9547392290249435
1,1,2.829567357172188,-40.88013568218674,-42.48811177224723,0.7622628592321954,12.34140589569161
