,Unnamed: 0,env_delta,env_max,env_mean,env_std,time
0,0,3.3449288198483127,-36.550518950089995,-38.59578082270371,1.2282294659762538,2.618049886621315
1,1,6.487145996573709,-33.40830177336459,-35.34316067059617,1.5477804115073828,12.474920634920636
2,2,6.818429873921069,-33.07701789601723,-36.43986214769402,2.41184674491623,22.674285714285716
