,env_delta,env_max,env_mean,env_std,time
0,4.14210088497,-26.1726705333,-27.2533309992,0.572597296257,0.238004535147
