,Unnamed: 0,env_delta,env_max,env_mean,env_std,time
0,0.0,3.0465150153242675,-41.50579766544895,-42.73774524785794,0.6763812725477977,42.75954648526077
1,,,,,,1.715273206056616
2,,,,,,6.575213956550361
3,,,,,,13.150427913100724
4,,,,,,19.43976300197498
5,,,,,,25.062047399605
6,,,,,,30.779624753127052
7,,,,,,37.11660631994733
