,Unnamed: 0,env_delta,env_max,env_mean,env_std,time
0,0,10.379883698588491,-33.951931217512744,-39.945381301659815,2.7015435612161727,1.7124716553287982
1,1,8.207639449502047,-36.12417546659919,-43.389636660562246,1.857710652148063,9.334421768707482
2,2,5.832582855014947,-38.49923206108629,-43.6152840200929,1.3919954891747786,15.32517006802721
