,Unnamed: 0,env_delta,env_max,env_mean,env_std,time
0,0,16.927110849352484,-22.529411695113268,-31.99668971347793,3.406498194317344,0.2263945578231293
3,3,20.480657329720746,-18.97586521474501,-28.481487558857012,3.935341625123741,19.173877551020404
6,6,21.016718114411443,-18.43980443005432,-28.23801040627032,3.9840329140937154,33.36126984126984
8,8,18.96045412532245,-20.496068419143306,-29.39351940893007,4.134635363659531,45.63301587301587
10,10,20.347525376782304,-19.108997167683448,-31.7371075956417,4.810007377344699,58.827755102040825
11,11,22.400407501462716,-17.05611504300304,-35.89802186078673,6.86361086832698,69.42185941043084
12,12,29.583770543203865,-9.87275200126189,-28.25365665474048,5.404992911152023,82.16961451247165
14,14,18.06676760985416,-21.389754934611602,-31.727368551347194,3.769893716611198,93.27455782312927
