,Unnamed: 0,env_delta,env_max,env_mean,env_std,time
0,0,8.94152928768,-23.3493744123,-25.0529434188,4.31044746735,1.24807256236
1,1,10.9981301652,-21.2927735347,-23.3024766099,0.659177939813,3.57006802721
2,2,9.14699630665,-23.1439073933,-24.9664622065,3.92943111634,6.00816326531
3,3,7.91867582904,-24.3722278709,-26.0144557419,2.39449877402,8.33596371882
4,4,8.01201043941,-24.2788932606,-25.2810056299,1.02483500201,10.7914739229
5,5,9.49498841196,-22.795915288,-25.0549396156,1.61900174154,13.3108390023
6,6,10.6366488746,-21.6542548254,-22.4224802674,0.287967720296,16.0682086168
7,7,10.2991855583,-21.9917181417,-22.5884087002,0.302911853441,18.5933786848
8,8,6.24512143877,-26.0457822612,-26.9134970678,0.906353894135,21.4784580499
