,Unnamed: 0,env_delta,env_max,env_mean,env_std,time
0,0.0,20.67846404867176,-20.705330826763504,-29.608886857775012,3.6098404509799145,7.244625850340136
1,2.0,11.715525042889107,-29.66826983254616,-38.513877278228215,3.5379443402230453,22.807800453514737
2,3.0,11.884844749468856,-29.49895012596641,-37.38701134265432,3.0122017360929947,28.781133786848073
3,4.0,10.998124678494165,-30.385670196941103,-35.537212999633326,2.4442305009831022,38.12716553287982
4,5.0,11.319335225162794,-30.064459650272468,-38.560147650435574,2.933857758225371,44.605532879818604
5,,,,,,0.12041913539609439
6,,,,,,15.172811059907835
7,,,,,,50.69645600175554
8,,,,,,55.754059688391486
