,Unnamed: 0,time
0,,5.000109721307878
1,,2.554641211323239
2,,0.18923268232023993
