,Unnamed: 0,env_delta,env_max,env_mean,env_std,time
0,0.0,4.4937572759138575,-25.805649637425137,-27.26853598335424,0.6271515802027263,0.2321995464852608
1,,,,,,1.890223831468071
2,,,,,,3.6334302538219587
3,,,,,,5.397639163192158
4,,,,,,7.161848072562359
5,,,,,,8.821044546850999
6,,,,,,10.375228586058078
7,,,,,,12.013422573330407
8,,,,,,13.672619047619046
9,,,,,,15.37382049594031
10,,,,,,16.991011996196328
11,,,,,,18.755220905566524
