,env_delta,env_max,env_mean,env_std,time
0,4.84129575069,-39.3803082232,-43.7380565804,0.981382074997,0.655963718821
1,11.4450178509,-32.776586123,-42.0325157005,2.31818010506,6.44934240363
2,7.10022181899,-37.1213821549,-43.6756952447,1.30412379812,11.9176417234
3,9.63466398172,-34.5869399921,-43.4787173374,1.77522062502,16.5616326531
4,7.93597964384,-36.28562433,-43.9998087225,1.24516346326,22.1228117914
5,12.7220002941,-31.4996036798,-43.2820137347,1.96916051088,26.046984127
6,6.45105675428,-37.7705472196,-43.533740284,1.51214414171,32.0957823129
7,11.7106036156,-32.5110003583,-43.7632155278,1.81651883938,36.5365986395
