,env_delta,env_max,env_mean,env_std,time
0,13.3541852605,-27.5818263063,-36.3505150151,3.37200333561,8.62040816327
1,10.2930429604,-30.6429686064,-36.9945215485,3.08283757851,17.3743310658
2,14.6158045815,-26.3202069853,-37.0048158334,4.17896645304,35.1027664399
