,Unnamed: 0,time
0,,43.0155529953917
1,,37.21518177163338
2,,32.43567588325653
3,,27.23854326676907
4,,22.087813620071685
5,,16.890681003584227
6,,12.482398873527904
7,,7.56368407578085
8,,2.4593573988735287
