,Unnamed: 0,env_delta,env_max,env_mean,env_std,time
0,0,11.3098518392,-26.5281196214,-30.8747233514,2.13593300105,1.7473015873
1,1,10.0016376876,-27.836333773,-31.8528845175,3.45275320191,10.7682539683
2,2,7.50557006099,-30.3324013996,-32.1464696951,1.28114421217,20.3232653061
3,3,10.3630112739,-27.4749601867,-34.2049891513,5.44755264408,30.5052154195
4,4,7.29225147996,-30.5457199806,-32.3516227192,1.12891557922,40.3040362812
