,env_delta,env_max,env_mean,env_std,time
0,13.7894938708,-29.6179688088,-39.6179875848,3.07313073346,1.24807256236
1,7.78760817607,-35.6198545035,-42.8802149419,1.89222541292,6.92535147392
2,25.3685800976,-18.0388825819,-38.3536096677,6.75243681725,10.8727437642
