,Unnamed: 0,env_delta,env_max,env_mean,env_std,time
0,0,18.4576720463,-21.7823278105,-26.0978892542,2.00777793863,1.56154195011
1,1,26.3311670652,-13.9088327917,-18.1800107746,2.74665482373,14.5240816327
2,2,20.595001701,-19.6449981558,-24.3496250138,2.06166888571,26.389478458
3,3,18.8751282651,-21.3648715917,-25.721325929,2.8289857027,36.6236734694
4,4,23.5146658938,-16.725333963,-23.2075552881,3.58566614392,46.5676190476
