,Unnamed: 0,env_delta,env_max,env_mean,env_std,time
0,0,15.538557018669994,-24.80329198542869,-34.9453841451204,3.8636400534617206,0.11029478458049886
1,1,17.777085902194077,-22.564763101904607,-35.17171514586092,4.619016192722088,11.337142857142856
3,3,17.486857941760267,-22.854991062338424,-35.550349487754886,5.413147142844251,19.03455782312925
4,4,16.39152308022261,-23.950325923876076,-38.19128233300605,4.873489420990322,27.724625850340136
5,5,15.232746987060953,-25.10910201703773,-36.58517303208984,4.010664324950114,35.9328798185941
