,Unnamed: 0,time
0,,0.2265013532294633
1,,2.4065768780630528
2,,4.699903079511374
3,,6.710102589422865
4,,9.286555482408017
5,,11.919633713700534
6,,14.382835930070954
7,,16.959288823056102
8,,19.309240362811792
9,,21.630879233413797
10,,24.03745611147685
11,,26.387407651232536
