,Unnamed: 0,env_delta,env_max,env_mean,env_std,time
0,0.0,8.18780729883,-17.5511971399,-29.1142559597,6.70867758481,0.127709750567
1,1.0,6.52960004524,-19.2094043935,-27.7205069198,4.5286507095,7.36072562358
2,,,,,,2.47510951812
3,,,,,,5.00073147539
4,,,,,,9.72364453547
5,,,,,,12.0724729557
6,,,,,,14.5475824738
7,,,,,,16.9721795528
8,,,,,,19.3210079731
9,,,,,,21.5182990759
10,,,,,,23.8923837157
11,,,,,,26.1401872577
