,Unnamed: 0,time
0,,0.0884963304318
1,,2.45261258625
2,,4.79144417624
3,,7.21877209665
4,,9.55760368664
5,,11.9217199425
