,Unnamed: 0,env_delta,env_max,env_mean,env_std,time
0,0,12.184484842995056,-30.34903373809539,-34.22272654448391,2.6006301473437983,1.8285714285714283
1,1,15.796063661337922,-26.737454919752523,-29.390682250873777,2.331165024898488,8.986122448979593
2,2,10.392218272599337,-32.141300308491104,-34.9269077654274,1.994339510563994,15.510929705215421
