,Unnamed: 0,time
0,,2.0460509472606248
1,,6.4889044327408385
2,,11.340968107673177
3,,15.959197388632873
4,,20.81126106356521
5,,25.371031746031747
6,,29.87234383000512
7,,34.78286610343062
8,,39.51801258137664
9,,44.42853485480214
10,,48.75447114329603
11,,53.314241825762565
