,env_delta,env_max,env_mean,env_std,time
0,9.9539817004,-18.9865886458,-21.0066874816,1.83092684185,0.11029478458
