,env_delta,env_max,env_mean,env_std,time
0,7.47396597326,-36.735182594,-44.3108051881,0.912359059246,0.655963718821
1,2.68514066831,-41.5240078989,-44.4916874404,0.424153947912,5.64244897959
