,Unnamed: 0,env_delta,env_max,env_mean,env_std,time
0,0,7.49581745228,-35.6169650766,-38.3188753325,1.81391532848,2.45551020408
1,1,8.64694337859,-34.4658391503,-36.959257057,1.79493880978,7.81931972789
2,2,10.9632816278,-32.149500901,-35.4974864074,2.97786712222,13.2585941043
