,Unnamed: 0,env_delta,env_max,env_mean,env_std,time
0,0,10.104931204818008,-32.02596038562166,-40.92413423402229,2.5638179564778523,0.1509297052154195
1,1,11.834155113308134,-30.29673647713154,-42.05995540356632,2.5224843883284,11.110748299319727
2,2,14.793771001216786,-27.337120589222888,-34.908749982382346,2.237566555103642,22.84263038548753
4,4,19.39993425038348,-22.7309573400562,-34.090445026911624,4.570202692576005,34.09269841269841
5,5,19.49742268361183,-22.63346890682785,-35.457419793713434,4.4602057045070485,45.81877551020408
6,6,21.66787149247877,-20.463020097960893,-36.240664500838115,6.901018140685357,56.27356009070295
7,7,22.368733341316236,-19.76215824912344,-35.36444564475252,4.299939757534008,64.12190476190476
8,8,19.88782948608165,-22.243062104358028,-34.46478856405891,3.936873617675556,73.36344671201816
