,env_delta,env_max,env_mean,env_std,time
0,11.2265318109,-30.0772923547,-38.4552585376,3.74580409953,0.0754648526077
