,Unnamed: 0,env_delta,env_max,env_mean,env_std,time
0,0.0,2.7170424559,-41.8530444594,-43.3769432612,0.450589352113,28.142585034
1,,,,,,0.405054494916
2,,,,,,3.13242142735
3,,,,,,5.15769390193
4,,,,,,7.2369736425
5,,,,,,9.80231877697
6,,,,,,12.0976275815
7,,,,,,14.311925487
8,,,,,,16.4182088606
9,,,,,,18.7675249311
10,,,,,,21.2518591666
11,,,,,,23.4391534392
12,,,,,,25.6534513447
