,Unnamed: 0,env_delta,env_max,env_mean,env_std,time
0,0,24.1837215163,-18.4372071669,-26.8709920149,2.970465469,7.59873015873
1,1,26.8829822603,-15.737946423,-28.5502821304,3.97937772317,22.7149206349
2,2,23.8352107845,-18.7857178988,-32.2220993345,4.78442822572,33.8372789116
3,3,26.6110770755,-16.0098516077,-31.6039581313,4.45046822092,42.9569160998
4,4,28.8962477387,-13.7246809445,-31.8844356039,5.44284749972,51.4554195011
