,Unnamed: 0,env_delta,env_max,env_mean,env_std,time
0,0.0,4.10856106268,-37.0108085819,-39.3194325368,1.99328608225,11.923446712
1,1.0,8.24144996284,-32.8779196818,-36.0153383524,3.27578379002,32.4847165533
2,2.0,9.65914272435,-31.4602269202,-34.2001507807,2.00304002215,43.4967800454
3,3.0,7.68259136363,-33.436778281,-36.4907796604,2.09769850867,63.9303401361
4,4.0,7.10036331877,-34.0190063258,-37.1762167689,2.88707449051,74.1761451247
5,,,,,,21.9199115728
6,,,,,,2.36972017003
7,,,,,,53.9111338681
