,Unnamed: 0,env_delta,env_max,env_mean,env_std,time
0,0.0,5.273385537794121,-38.623196694626934,-40.69273370118968,1.6205376817009025,18.63981859410431
1,1.0,4.8378693727322,-39.05871285968886,-42.26511624373911,1.6588609890737114,26.83065759637188
2,,,,,,10.16263440860215
3,,,,,,1.2098374295954946
