,Unnamed: 0,env_delta,env_max,env_mean,env_std,time
0,0,10.369413153238703,-33.304890945186315,-41.189378113544386,3.20437607307553,0.1160997732426304
1,1,14.566668238231928,-29.107635860193092,-40.97995149520527,3.291752801965345,9.827845804988662
2,2,16.250591889934196,-27.423712208490826,-41.149054845492,4.506100160361958,17.362721088435375
3,3,18.065406615195847,-25.60889748322917,-41.748901195341475,4.556913445051613,25.512925170068026
4,4,13.857585098563742,-29.816718999861283,-41.31191724475607,4.0769307376624235,33.02458049886621
