,env_delta,env_max,env_mean,env_std,time
0,7.73616739358,-36.0067321795,-38.7869055171,1.39362929773,0.179954648526
1,5.77221472487,-37.9706848483,-39.517891188,0.796517437641,3.73841269841
2,5.59758583407,-38.145313739,-39.4553288254,0.424419379917,7.49424036281
3,4.15743456379,-39.5854650093,-40.9893641129,0.739162291828,11.4358276644
4,3.89270028691,-39.8501992862,-40.7003636606,0.286320283544,15.4819047619
5,3.80969742076,-39.9332021524,-40.9011696634,0.792799553453,31.8055328798
6,5.29103472586,-38.4518648473,-39.6062724528,0.856449767608,35.805170068
7,2.53537724364,-41.2075223295,-42.0684774469,0.676551563571,39.8454421769
