,Unnamed: 0,env_delta,env_max,env_mean,env_std,time
0,0.0,14.573230046411366,-26.35674051146428,-31.718072788799,3.4310489649408327,0.8649433106575963
1,1.0,13.257078414625846,-27.672892143249804,-31.6955589109773,2.2774979670209143,5.88625850340136
2,2.0,10.851715892327784,-30.07825466554787,-35.416465121325004,2.522616931848342,9.55501133786848
3,3.0,4.240474054728367,-36.68949650314728,-39.48480186251652,1.0428691996628874,13.467573696145124
4,,,,,,17.67092751078926
