,Unnamed: 0,Unnamed: 0.1,env_delta,env_max,env_mean,env_std,time
0,0,0.0,9.2170324816,-34.0153207645,-38.2340965735,1.76558666138,1.86340136054
1,1,1.0,9.89991611546,-33.3324371306,-36.4782276477,1.35340283689,7.94702947846
2,2,2.0,6.91533160616,-36.3170216399,-39.9424881125,1.54504829156,13.3572789116
3,3,,,,,,18.4227155617
4,4,,,,,,23.3269694975
