,Unnamed: 0,env_delta,env_max,env_mean,env_std,time
0,0.0,15.096660331985767,-28.289384537354774,-39.75428664629789,3.6997816708283566,23.695963718820863
1,,,,,,12.465405785970301
2,,,,,,0.06906041986687139
