,Unnamed: 0,env_delta,env_max,env_mean,env_std,time
0,0,7.30625280614,-33.7714933271,-39.5400851011,2.2106870647,2.01433106576
1,1,6.70820139033,-34.3695447429,-37.0494485166,1.65506440607,11.7957369615
2,2,7.82108496229,-33.2566611709,-36.5215290903,2.85375110729,21.4726530612
3,3,7.76343439797,-33.3143117352,-35.0886911887,1.0384773265,31.2888888889
4,4,3.1291548357,-37.9485912975,-40.2675086371,1.34161766481,42.3648072562
