,Unnamed: 0,env_delta,env_max,env_mean,env_std,time
0,0.0,5.2378383686151215,-34.95214844394968,-35.97789226307137,0.7587216588175698,1.3583673469387756
1,1.0,4.021174381853854,-36.16881243071096,-37.06837164944049,0.5158425472407904,3.993832199546485
2,2.0,2.6904856804849904,-37.499501132079814,-38.126405062827224,0.2274158589083745,6.757006802721088
3,3.0,3.65161448460114,-36.538372327963664,-37.5853184886056,0.3685544988811405,12.30077097505669
4,,,,,,9.550412369248775
