,Unnamed: 0,time
0,,2.51607213973
1,,7.67195767196
2,,12.5391136144
3,,16.95255163
4,,22.1496842465
5,,27.2643226944
6,,32.4202082267
7,,37.1636229163
8,,43.0619559652
