,Unnamed: 0,env_delta,env_max,env_mean,env_std,time
0,0,10.841965938636642,-27.360691926151823,-30.96833909307532,2.208133464109113,0.7024036281179138
1,1,8.686470396645394,-29.516187468143073,-32.1546973419284,1.2757337060887188,3.7268027210884354
2,2,8.871732794901893,-29.33092506988657,-32.59601196586491,1.7157457315041822,6.698956916099773
