,env_delta,env_max,env_mean,env_std,time
0,10.692414989,-29.4473894847,-35.8274393875,3.07357994347,3.63392290249
1,10.2817090879,-29.8580953858,-34.4816318224,2.63758827336,12.7013151927
2,11.1403944944,-28.9994099793,-33.8686549438,2.55501812726,21.4958730159
3,11.4169271274,-28.7228773464,-33.3067472219,2.20732779708,30.5748752834
4,12.3293483316,-27.8104561421,-31.9151992576,2.03538208897,39.8802721088
5,11.24643702,-28.8933674537,-32.7813326723,1.90371040403,48.9012244898
6,11.3669791936,-28.7728252802,-31.5120895547,1.59788940171,57.8060770975
7,12.0928856631,-28.0469188107,-31.8686672493,1.47920225613,67.1346938776
