,Unnamed: 0,env_delta,env_max,env_mean,env_std,time
0,0.0,9.45865721979458,-32.201499022919904,-40.04704679035674,3.171520632436293,13.020589569161
1,1.0,8.246779748725269,-33.41337649398922,-41.02093136434918,2.9760302451855374,29.942131519274373
2,,,,,,19.72871406627167
3,,,,,,6.576238022090556
4,,,,,,0.1389346061005048
5,,,,,,35.2893899495282
6,,,,,,40.80046265818155
