,Unnamed: 0,time
0,,0.1698760149220977
1,,2.563583497915295
2,,5.065393899495282
