,env_delta,env_max,env_mean,env_std,time
0,18.956062692,-24.9033656759,-39.2506868048,3.95153523025,0.0812698412698
1,6.72622365427,-37.1332047136,-43.4698300955,1.34444523846,1.27129251701
2,14.9062266902,-28.9532016777,-39.770264448,3.88334652541,12.9393197279
