,Unnamed: 0,time
0,,1.52476450556
1,,4.47430895895
2,,7.69881094612
3,,11.023297491
4,,14.122818781
5,,17.0973593739
6,,20.4218459188
7,,23.246409675
8,,26.0959695706
