,Unnamed: 0,env_delta,env_max,env_mean,env_std,time
0,0.0,4.103597979540126,-37.00941748286232,-39.315141164821185,2.000752848425956,11.923446712018142
1,1.0,2.500959860807612,-38.61205560159483,-41.122639226572076,1.5872549060153525,21.966077097505668
2,2.0,8.239831746373197,-32.873183716029246,-36.008403624961865,3.279483144014504,32.48471655328798
3,3.0,9.6888492475646,-31.424166214837843,-34.30685801226281,2.170897669897953,43.47936507936508
4,4.0,7.6964702491029575,-33.416545213299486,-36.628917660978004,2.234462370519508,63.90712018140589
5,5.0,7.272427723408938,-33.8405877389935,-37.00164114053664,2.8169029305901527,74.19356009070296
6,,,,,,1.7495199692780332
7,,,,,,54.06849809816399
