,Unnamed: 0,env_delta,env_max,env_mean,env_std,time
0,0.0,5.7524244948724155,-39.03522556032129,-44.84465218054465,0.6592793594130415,1.7589115646258504
1,,,,,,5.020133859995611
2,,,,,,8.01290596883915
3,,,,,,11.391842220759273
4,,,,,,14.867319508448542
5,,,,,,18.14971472459952
6,,,,,,21.33556890498135
7,,,,,,24.424882049594032
8,,,,,,27.385473813181186
9,,,,,,30.346065576768346
