,env_delta,env_max,env_mean,env_std,time
0,23.3306553848,-21.1429737113,-43.7706818231,3.45121087565,2.07818594104
1,9.11135565256,-35.3622734436,-44.1928479325,1.35114162688,6.820861678
