,Unnamed: 0,env_delta,env_max,env_mean,env_std,time
0,0,15.03626640652609,-29.423936814246,-39.985448407281375,4.3004655105910965,1.7182766439909296
1,1,11.380746414633544,-33.07945680613855,-43.708443480098666,2.417249647837286,6.849886621315192
2,2,6.667220379341124,-37.79298284143097,-44.234658131803435,1.232795163709114,11.818956916099776
3,3,11.789488945978198,-32.670714274793895,-43.807628956584665,2.284898001560141,17.287256235827662
4,4,10.818958555927047,-33.641244664845054,-43.115080444324455,2.3332691568380874,22.80199546485261
