,Unnamed: 0,env_delta,env_max,env_mean,env_std,time
0,0.0,19.22303656710736,-20.31168909019336,-32.38323408390383,4.212401344891156,0.11029478458049886
1,1.0,15.09183984206075,-24.44288581523997,-30.92989621433564,3.0229730728918267,7.053061224489796
2,3.0,15.00587628718852,-24.5288493701122,-30.78627030829784,2.298817823391999,14.280272108843533
3,5.0,15.252832080283065,-24.28189357701765,-34.113104106085395,4.242281816357787,22.35501133786848
4,6.0,11.743884827684006,-27.79084082961672,-33.66584755392873,3.0198392267479583,29.976961451247174
5,7.0,12.381707993360177,-27.15301766394055,-32.82709300578223,3.288106333869071,38.14458049886621
6,8.0,12.677115349668878,-26.85761030763184,-33.70411561933147,3.4762534625938257,51.26385487528345
7,9.0,11.363329413021848,-28.17139624427887,-37.578299534377045,4.263841828823442,57.52743764172336
8,,,,,,44.26959439689855
