,Unnamed: 0,env_delta,env_max,env_mean,env_std,time
0,0,16.693070299171545,-24.49620639404036,-28.58812558186111,3.0538606097990346,1.7647165532879818
1,1,18.021384428925774,-23.167892264286127,-28.052380572502514,3.7709091011628413,8.78875283446712
2,2,18.64612878462616,-22.543147908585738,-26.673988109691315,3.771347297012684,16.50938775510204
