,Unnamed: 0,Unnamed: 0.1,env_delta,env_max,env_mean,env_std,time
0,0,2.0,9.24262357754,-35.2375224112,-43.912434282,1.8420702403,17.3511111111
1,1,4.0,15.3397823411,-29.1403636477,-43.6207692011,2.81439204711,29.0887981859
2,2,,,,,,1.92163460366
3,3,,,,,,5.28449516007
4,4,,,,,,8.76039304611
5,5,,,,,,13.338404896
6,6,,,,,,20.770609319
7,7,,,,,,24.7269158559
