,env_delta,env_max,env_mean,env_std,time
0,4.07188335587,-37.649487039,-40.5907374949,1.30171933332,1.82276643991
1,7.29206858292,-34.4293018119,-36.6945848984,1.13034273058,10.9075736961
2,4.4397637662,-37.2816066286,-39.4982245638,1.3709121888,19.7195464853
3,3.06830769174,-38.6530627031,-40.0592916781,0.923227119191,28.8159637188
4,5.74373055683,-35.977639838,-39.835700944,1.74778648948,38.0633106576
5,4.7603523416,-36.9610180532,-39.4264670139,2.33596521738,47.4848072562
6,8.74353555994,-32.9778348349,-35.096776079,1.50061632932,57.660952381
