,Unnamed: 0,env_delta,env_max,env_mean,env_std,time
0,0.0,10.4381239942367,-15.466870085218725,-16.642392309056135,1.2586948705825245,0.1160997732426304
1,,,,,,1.961707263550582
2,,,,,,3.9492264647794606
3,,,,,,5.885121790651745
4,,,,,,8.027512617950407
5,,,,,,10.14409150757077
6,,,,,,12.492977836295811
7,,,,,,14.583744788237876
8,,,,,,16.777759490893132
9,,,,,,19.126645819618172
10,,,,,,21.26903664691683
11,,,,,,23.54048716260698
