,env_delta,env_max,env_mean,env_std,time
0,6.42202393406,-33.7063180296,-35.8448055074,0.859034469393,0.888163265306
1,8.77147438414,-31.3568675795,-34.8309551474,1.61048026851,4.19700680272
2,7.22436252944,-32.9039794342,-35.7411658082,1.19009222191,7.35492063492
