,env_delta,env_max,env_mean,env_std,time
0,16.4513755903,-24.7383750752,-28.5578013961,3.05615777518,1.76471655329
1,17.645328481,-23.5444221845,-28.0637066898,3.75792719312,8.78875283447
2,18.4622203164,-22.7275303491,-26.645436258,3.7707708702,16.5093877551
