,env_delta,env_max,env_mean,env_std,time
0,16.6383296105,-24.6886312724,-38.111115986,4.50279085454,9.70013605442
