,Unnamed: 0,env_delta,env_max,env_mean,env_std,time
0,0.0,12.0274588674,-29.2540091288,-38.1157979161,4.18381841793,41.2328344671
1,,,,,,5.9532709141
2,,,,,,11.3863531076
3,,,,,,0.115597493478
4,,,,,,17.8598127423
5,,,,,,23.6396874162
6,,,,,,29.9397508107
7,,,,,,35.4884304976
8,,,,,,46.2389973911
9,,,,,,50.9206958769
10,,,,,,55.8335893497
11,,,,,,60.5730865823
