,Unnamed: 0,Unnamed: 0.1,env_delta,env_max,env_mean,env_std,time
0,0,0,3.29225643826,-39.8428714998,-41.4404239318,0.402809134151,1.69505668934
1,1,1,4.31902712183,-38.8161008163,-39.9015195209,0.321501037197,7.02984126984
2,2,2,5.68899732376,-37.4461306143,-39.0578814904,0.579249839328,12.6026303855
