,env_delta,env_max,env_mean,env_std,time
0,7.94831009383,-26.4152874008,-29.3072123199,2.1148576127,1.30612244898
1,10.5028661355,-23.8607313591,-26.769110783,3.69644310876,9.27637188209
2,6.08784137158,-28.275756123,-30.5909159884,1.06405128451,18.3379591837
