,Unnamed: 0,Unnamed: 0.1,env_delta,env_max,env_mean,env_std,time
0,0,,,,,,36.9736668861
1,1,,,,,,30.874917709
2,2,,,,,,25.1149879307
3,3,,,,,,19.439763002
4,4,,,,,,13.044546851
5,5,,,,,,6.5222734255
6,6,,,,,,1.60939214395
7,7,,,,,,42.3947772657
