,Unnamed: 0,env_delta,env_max,env_mean,env_std,time
0,0,22.54637231099937,-19.319642292067094,-26.260782006546503,8.223732841183661,2.670294784580499
1,1,21.59974481684762,-20.26626978621885,-28.944836357522497,8.566680129591122,9.317006802721087
2,2,22.720943692349287,-19.145070910717184,-25.012432762151853,5.808058654749483,15.017505668934241
3,3,23.028325481277662,-18.83768912178881,-27.515741985367928,6.5167901160824275,20.95020408163265
