,Unnamed: 0,env_delta,env_max,env_mean,env_std,time
0,0,9.29183449605,-32.4961947303,-36.8973703938,2.1669938058,1.92725623583
1,1,6.41248539927,-35.3755438271,-38.2030969054,1.91502494234,9.0441723356
