,env_delta,env_max,env_mean,env_std,time
0,12.7292171404,-27.8919673561,-37.200544572,3.99114636369,0.174149659864
1,13.2061175951,-27.4150669014,-37.2137799516,3.46163152722,14.4195918367
2,13.372514635,-27.2486698615,-36.7368070881,4.19188448183,43.4329251701
