,Unnamed: 0,env_delta,env_max,env_mean,env_std,time
0,0,18.61516051240352,-22.23220969767272,-32.969166678152455,3.9305871965368495,0.07546485260770976
1,1,20.44728058599227,-20.400089624083968,-33.462676736275355,5.5675672298758165,9.2821768707483
2,2,26.961462722703985,-13.88590748737225,-35.937967107480155,7.112956023133798,17.29886621315193
3,3,23.103532090324354,-17.74383811975189,-35.14130677962399,6.4353027701960865,24.816326530612244
4,4,19.484573539637946,-21.362796670438296,-33.05359251733472,5.1401976729715075,32.838820861678
