,Unnamed: 0,time
0,,0.20089971472459922
1,,3.1474288640187256
2,,6.596207300124351
3,,9.442286592056178
4,,12.422299027137736
5,,15.167928461707262
6,,18.014007753639092
7,,20.69267061663375
8,,23.639199765927877
9,,26.585728915222003
10,,29.297875064004096
11,,31.943054641211326
