,env_delta,env_max,env_mean,env_std,time
0,8.65553328167,-34.3812871126,-39.2006970953,1.88761571979,1.85759637188
1,6.11598390745,-36.9208364869,-41.2555397984,1.89914881423,9.80462585034
2,7.73391658943,-35.3029038049,-39.4379429954,2.05488554763,15.5747845805
3,7.18684921024,-35.8499711841,-41.5576838928,2.51184228677,16.219138322
