,Unnamed: 0,env_delta,env_max,env_mean,env_std,time
0,0,7.947721661746832,-26.3948796247847,-29.20478838243822,2.0355041062308588,1.3119274376417234
1,1,10.542317307696171,-23.80028397883536,-26.719510571482374,3.720410138690792,9.276371882086169
2,2,6.095698937596655,-28.246902348934878,-30.612415857946147,1.1921934058043044,18.332154195011338
