,env_delta,env_max,env_mean,env_std,time
0,11.460692638,-29.363847292,-34.9540776253,2.2088237176,1.71247165533
1,13.8532633957,-26.9712765343,-35.106428283,4.22221697411,9.56662131519
2,15.0947617405,-25.7297781894,-32.8504286836,4.32800387224,14.7214512472
