,Unnamed: 0,time
0,,4.553603430619559
1,,0.27390095823275473
2,,8.970256382122741
3,,13.352671713846828
4,,17.8377999049082
5,,22.220215236632285
6,,26.602630568356375
7,,31.190471618755026
