,Unnamed: 0,env_delta,env_max,env_mean,env_std,time
0,0,13.948306110178493,-21.159465533179766,-43.26809357739469,5.721284426915776,2.4206802721088434
1,1,15.399872836028527,-19.70789880732973,-20.457902314153216,0.7568579098191286,3.3901133786848074
2,2,15.714500165245886,-19.39327147811237,-20.901431238458212,1.2908068257205902,12.898684807256235
3,3,16.03253248776522,-19.075239155593035,-19.87585345601232,0.540378928327776,22.77297052154195
4,4,15.220175291314813,-19.887596352043442,-23.34773516040111,2.885270500021638,32.838820861678
