,env_delta,env_max,env_mean,env_std,time
0,10.2190462796,-33.4625280437,-41.3161576825,3.12085661659,0.127709750567
1,14.530305157,-29.1512691663,-40.9989482437,3.27028197986,9.82784580499
2,18.0344582655,-25.6471160577,-40.6335592312,5.04803677281,17.3336961451
3,18.48533503,-25.1962392932,-41.6495465574,4.71610940451,25.5071201814
4,13.8001789468,-29.8813953764,-41.3301093335,4.06218470243,33.0245804989
