,Unnamed: 0,Unnamed: 0.1,env_delta,env_max,env_mean,env_std,time
0,0,0,14.4739701951,-29.2776495133,-38.7052323198,2.72035192256,0.487619047619
1,2,2,14.2520482646,-29.4995714438,-40.4123545087,3.19375973237,7.07628117914
2,3,3,14.2247888458,-29.5268308626,-41.2428114459,3.37922816004,12.5852154195
3,4,4,19.7001810997,-24.0514386087,-41.6292436216,3.78366976802,16.2887981859
4,5,5,18.7995109938,-24.9521087147,-41.5563989601,3.32130509104,20.8515192744
5,6,6,11.8457747153,-31.9058449932,-42.7834315487,2.47051084312,27.7710657596
6,7,7,15.9519523285,-27.7996673799,-41.79985743,3.1545023254,32.7865759637
7,8,8,19.2927136514,-24.4589060571,-42.2207469649,3.70263600591,38.1213605442
