,Unnamed: 0,env_delta,env_max,env_mean,env_std,time
0,0,12.217199414498696,-31.34115272575159,-43.07956505259972,2.5563606803061845,1.160997732426304
1,1,10.439022310445084,-33.119329829805196,-42.86939068650009,2.28577817923036,3.860317460317461
2,2,15.547945460916154,-28.01040667933413,-41.936575426997656,3.1295847080458468,6.849886621315192
3,3,8.819688330933715,-34.73866380931657,-43.405850040946405,1.9416231185322144,9.537596371882088
4,4,12.02356308490072,-31.53478905534957,-42.741442038550865,3.275684001119293,11.203628117913834
