,Unnamed: 0,env_delta,env_max,env_mean,env_std,time
0,0,12.986436079955821,-26.107874576262216,-33.952309787661555,3.439582982911317,1.2248526077097506
1,1,19.132502520552773,-19.961808135665255,-28.62296150018872,4.4866972319755485,10.733424036281178
2,2,19.09308214153916,-20.001228514678875,-28.89488363468436,4.9016389485636465,16.457142857142856
