,env_delta,env_max,env_mean,env_std,time
0,12.5056281143,-29.5862209776,-37.1083933026,3.239989011,0.0754648526077
