,env_delta,env_max,env_mean,env_std,time
0,14.9189597073,-28.4731790422,-39.7255825349,3.69737341138,23.6959637188
1,19.7365109366,-23.655627813,-37.733728428,6.3684960259,24.8163265306
