,Unnamed: 0,env_delta,env_max,env_mean,env_std,time
0,,,,,,0.4944179284617072
1,,,,,,2.7245583717357906
2,,,,,,5.449116743471582
3,,,,,,7.479386109282422
4,,,,,,9.520175005486067
