,Unnamed: 0,env_delta,env_max,env_mean,env_std,time
0,0,5.2983171161279605,-35.241210121937144,-38.300865936147964,2.0620940333002657,2.321995464852608
1,1,6.439933737815245,-34.099593500249874,-35.854097197604545,1.0536755992851148,12.370430839002267
2,2,7.058897061987501,-33.48063017607761,-35.43027182947796,1.5352551254567723,21.63519274376417
