,Unnamed: 0,env_delta,env_max,env_mean,env_std,time
0,0,6.113708553394222,-31.986946218282274,-38.31261736914247,2.2824615161895614,1.7356916099773243
1,1,13.13367924647924,-24.966975525197252,-32.49534958639287,4.3315158712088975,6.460952380952381
2,2,12.830192724897692,-25.270462046778803,-31.621580823491712,3.7347571702279208,10.96562358276644
3,3,16.135760240764366,-21.964894530912126,-27.665764396129546,2.6740124088540687,15.470294784580501
4,4,20.10418743486964,-17.99646733680686,-22.060895426781343,2.334642353137556,19.980770975056693
5,5,18.743690098681114,-19.356964672995378,-25.48337017604105,2.12838238765125,24.102312925170068
6,6,16.6374779557248,-21.46317681595169,-29.39123248094518,4.322422095193058,28.33414965986395
7,7,18.190900461993113,-19.909754309683386,-28.638567829793182,4.5731361213156925,32.565986394557825
