,Unnamed: 0,env_delta,env_max,env_mean,env_std,time
0,0,11.677358812241195,-22.00263408752877,-23.57864983332883,1.719492832921227,3.0534240362811786
1,1,11.939121499393634,-21.740871400376328,-22.57871645049091,0.36672130778327816,12.712925170068027
2,2,12.709897071916265,-20.970095827853697,-22.67329026090346,1.4440952283266246,22.563990929705213
