,env_delta,env_max,env_mean,env_std,time
0,7.69081628401,-33.358023634,-38.6508429466,2.57331954746,3.27401360544
1,7.48867205028,-33.5601678677,-38.233609227,2.42232464459,11.4416326531
2,8.83667361794,-32.2121663,-37.1435036192,2.25487269756,20.48
3,9.18148804423,-31.8673518737,-36.3954389481,2.33407338367,29.1932879819
4,8.97912873682,-32.0697111812,-35.9815257767,1.98377577086,38.2084353741
5,10.053964745,-30.994875173,-34.3726945227,1.89329478354,47.5254421769
6,10.7492165836,-30.2996233343,-33.5076198085,1.75136110711,56.7785941043
7,10.0876639629,-30.961175955,-33.2243845217,1.21086065474,66.0607709751
