,Unnamed: 0,env_delta,env_max,env_mean,env_std,time
0,0,10.684051665894472,-29.345055026348554,-35.32727821047054,2.9112961177999352,3.639727891156463
1,1,12.022976717070284,-28.006129975172744,-34.18734771238797,2.606180770985729,12.701315192743767
2,2,11.31505070355248,-28.714055988690546,-33.741739016182215,2.56474607102548,21.484263038548757
3,3,11.435673917586653,-28.59343277465637,-33.063983887665856,2.1775987708750817,30.580680272108847
4,4,12.872763066312752,-27.156343625930273,-31.74007052973392,2.052322602934806,39.880272108843535
5,5,11.484150493657474,-28.54495619858555,-32.57486523134409,1.9335330036528269,48.90122448979592
6,6,12.108924145642106,-27.920182546600923,-31.399638821806807,1.6262005074976813,57.80607709750567
7,7,12.54767184300534,-27.48143484923769,-31.79106966711041,1.549211459690852,67.13469387755102
