,env_delta,env_max,env_mean,env_std,time
0,16.5611887389,-14.4735999339,-15.2056702767,0.757196120994,2.86766439909
1,18.0886142971,-12.9461743758,-13.6299064136,0.487524375292,11.9989115646
2,19.3068317407,-11.7279569322,-12.330201599,0.414532786208,20.9908390023
