,Unnamed: 0,env_delta,env_max,env_mean,env_std,time
0,,,,,,20.8318581913
1,,,,,,14.6485504596
2,,,,,,7.97450401905
3,,,,,,1.9874917709
