,env_delta,env_max,env_mean,env_std,time
0,15.8422442815,-25.232520784,-29.7698359061,2.8164805721,2.00272108844
1,21.4297778024,-19.6449872631,-27.7401733903,5.23752436589,12.9683446712
2,21.6518266002,-19.4229384653,-26.211621072,3.77936574122,22.3375963719
3,17.6286169408,-23.4461481247,-29.6357176938,4.50200358202,31.2250340136
4,14.2915457929,-26.7832192726,-32.2890642123,3.62135809943,39.206893424
