,Unnamed: 0,env_delta,env_max,env_mean,env_std,time
0,0.0,2.756713075236547,-41.81174509251712,-43.36588113291123,0.4546703988461074,28.14258503401361
1,,,,,,0.36454904542462074
2,,,,,,3.0682877989905633
3,,,,,,5.1036866359447
4,,,,,,7.230222734254991
5,,,,,,9.782066052227343
6,,,,,,12.090876673249944
7,,,,,,14.369308207153829
8,,,,,,16.52622339258284
9,,,,,,18.743896752249285
10,,,,,,21.143844634628042
11,,,,,,23.452655255650644
12,,,,,,25.609570441079654
