,Unnamed: 0,env_delta,env_max,env_mean,env_std,time
0,0.0,12.5367143926,-32.196952179,-41.8875542655,3.20267806526,2.130430839
1,1.0,8.66543436003,-36.0682322116,-44.5116937789,1.215479183,8.28952380952
2,2.0,8.92461313673,-35.8090534349,-44.6203037662,1.22167098,14.140952381
3,3.0,2.55943744074,-42.1742291309,-44.8869002349,0.315683398478,25.0775510204
4,4.0,3.58230121314,-41.1513653585,-44.8235782656,0.589689952633,30.0175963719
5,5.0,7.82355031781,-36.9101162538,-44.6264109102,1.28580132806,35.0737414966
6,6.0,10.9781801968,-33.7554863748,-44.4719403513,1.80554086136,40.0021768707
7,,,,,,19.4211103796
