,Unnamed: 0,Unnamed: 0.1,env_delta,env_max,env_mean,env_std,time
0,0,0.0,8.65553328167,-34.3812871126,-39.2006970953,1.88761571979,1.85759637188
1,2,,,,,,15.1174790107
2,3,,,,,,9.05679093621
