,Unnamed: 0,env_delta,env_max,env_mean,env_std,time
0,0,6.589994519069549,-36.22866895335599,-41.73444904630889,1.6918589686843426,3.9880272108843537
1,1,6.489826931553522,-36.328836540872004,-40.96729079715737,1.8183901199655332,13.990022675736961
2,2,5.330537822439852,-37.48812564998568,-40.53719038250639,1.5681491499741682,23.968798185941047
3,3,7.480367798484416,-35.33829567394112,-39.090416569346274,1.7262846652199408,33.158095238095235
4,4,6.7931987446980235,-36.02546472772751,-39.445278188284405,1.6343745815560655,42.77115646258503
5,5,8.140181244401317,-34.67848222802421,-37.771449762879634,1.5223372598689262,51.7340589569161
6,6,9.68795421667418,-33.130709255751356,-36.643584502070496,1.4951817302908303,60.96399092970522
7,7,10.25662869294846,-32.562034779477074,-35.304720588653566,1.404646158793929,70.32743764172335
