,Unnamed: 0,env_delta,env_max,env_mean,env_std,time
0,0.0,4.61740461693,-39.5314262117,-42.3730490107,1.76071568504,32.0783673469
1,1.0,2.75306318544,-41.3957676432,-44.0615804186,0.646994016621,90.7319727891
2,2.0,2.61713949845,-41.5316913302,-43.3282338823,0.916570403239,100.397278912
3,,,,,,2.72913466462
4,,,,,,12.4910394265
5,,,,,,22.7777777778
6,,,,,,41.0419866871
7,,,,,,50.069124424
8,,,,,,60.1459293395
9,,,,,,70.4326676907
10,,,,,,80.5094726062
11,,,,,,109.165386585
