,env_delta,env_max,env_mean,env_std,time
0,12.3033200924,-27.6055180912,-36.1509306427,3.66251117338,0.104489795918
1,9.74735384993,-30.1614843337,-36.6295048702,4.11194616618,16.6254875283
2,9.57835093896,-30.3304872446,-38.508728457,4.30854573408,22.8252154195
3,13.7429042917,-26.1659338919,-36.2301083985,5.02484790095,28.142585034
