,Unnamed: 0,env_delta,env_max,env_mean,env_std,time
0,,,,,,7.253538512179065
1,,,,,,4.371086606685686
2,,,,,,1.5360434496379198
