,Unnamed: 0,env_delta,env_max,env_mean,env_std,time
0,0,10.379282426073047,-29.41873601737119,-35.45495895238137,2.8832298287591738,3.3204535147392287
1,1,10.858952448432083,-28.93906599501215,-34.23149157700959,2.6014420491375274,11.69705215419501
2,2,11.550293106414289,-28.247725337029944,-33.790874258296114,2.457088044088586,20.24199546485261
3,3,11.575615641234881,-28.22240280220936,-33.15928772122808,2.1835855160394435,28.84498866213152
4,4,11.105020299386254,-28.69299814405798,-33.03211463442383,2.1133720736967545,37.33768707482993
5,5,13.17072896083694,-26.6272894826073,-30.863188782324013,1.7694082137800942,45.789750566893424
6,6,12.375260306368894,-27.422758137075338,-30.937392079921032,1.649856631745032,54.491428571428564
7,7,12.000202079873441,-27.7978163635708,-31.146011813969164,1.1572979738628597,63.268571428571434
