,Unnamed: 0,env_delta,env_max,env_mean,env_std,time
0,0,18.7136881285,-25.1968571088,-42.5685436105,3.96844658766,2.2987755102
2,2,28.4706425631,-15.4399026743,-38.6958855214,7.78664894422,8.0631292517
3,3,25.8540680264,-18.056477211,-39.6357444201,7.1179842367,14.7504761905
4,4,25.964180369,-17.9463648684,-39.6407286953,6.20519348503,20.7818594104
5,5,22.4545931333,-21.4559521041,-41.5892190868,5.66695690498,26.389478458
6,6,24.3949463953,-19.5155988421,-39.8168003759,6.53013943287,32.6472562358
