,Unnamed: 0,env_delta,env_max,env_mean,env_std,time
0,0,16.045512810151994,-25.033048695215893,-29.88237275408182,2.9239485796096703,1.9969160997732427
1,1,21.582758966953694,-19.495802538414196,-27.54201812143149,5.0929814650101095,12.979954648526075
2,2,21.987990667203906,-19.090570838163977,-26.217545905828942,3.775577268640145,22.337596371882086
3,3,17.776597779025334,-23.30196372634255,-29.77624109881297,4.568894386775937,31.21922902494331
4,4,14.334515217622421,-26.744046287745466,-32.262294208845645,3.59630715112185,39.21269841269841
