,env_delta,env_max,env_mean,env_std,time
0,9.99252535393,-34.8543834384,-44.5466562493,1.35461401927,2.35682539683
1,10.9158003918,-33.9311084005,-44.3413263382,1.70013574008,7.22140589569
