,Unnamed: 0,env_delta,env_max,env_mean,env_std,time
0,0,27.40188610762484,-15.885765733223135,-32.40479787776905,6.393343852580582,2.1826757369614507
1,1,24.251371492365713,-19.036280348482265,-39.161586671420324,4.9421402072708585,7.8947845804988654
2,2,23.3504803818191,-19.937171459028878,-39.15456324973329,4.5693457520598555,12.927709750566896
3,3,14.108801893517967,-29.17884994733001,-39.94856400637258,3.2130627802586065,18.204444444444444
4,4,15.07504063959742,-28.212611201250557,-40.944941991548866,2.9076089878152085,23.080634920634925
