,Unnamed: 0,time
0,,0.243467518429
1,,4.53458253074
2,,8.88656442266
3,,13.2081128748
4,,17.7122619657
5,,22.0338104178
6,,26.4162257496
7,,31.1029754793
