,Unnamed: 0,env_delta,env_max,env_mean,env_std,time
1,1,15.340932816,-19.7774148939,-20.4799370629,0.73461779549,3.39011337868
2,2,15.6211265734,-19.4972211365,-20.9366950273,1.28380834005,12.8986848073
3,3,15.9647207489,-19.153626961,-19.9000232847,0.526910882778,22.7729705215
4,4,15.2207128143,-19.8976348956,-23.310222992,2.82675288214,32.8446258503
