,Unnamed: 0,env_delta,env_max,env_mean,env_std,time
0,0.0,12.563449269948864,-32.16911517411218,-41.87720676090501,3.205016536406908,2.130430839002268
1,1.0,8.671672456433107,-36.06089198762793,-44.51002211622558,1.2156860472285602,8.289523809523809
2,2.0,8.966505907562722,-35.76605853649832,-44.6190100755161,1.2204200013721052,14.14095238095238
3,3.0,2.5639597497034927,-42.16860469435755,-44.88646900347659,0.3157260540140005,25.07755102040816
4,4.0,3.6431568761344413,-41.0894075679266,-44.822220565928795,0.5960445784062555,30.017596371882085
5,5.0,7.847185152610828,-36.88537929145021,-44.62346241178508,1.2950572376186251,35.073741496598636
6,6.0,10.945607154170403,-33.786957289890644,-44.471164454770076,1.8059133189604812,40.00217687074829
7,,,,,,19.378520225294416
