,Unnamed: 0,env_delta,env_max,env_mean,env_std,time
0,0,14.78248396590493,-25.77668949703253,-35.45422450246389,4.211136110803326,0.09287981859410432
1,1,11.286506151330215,-29.27266731160725,-37.104501950755505,3.947049890281024,7.1459410430839005
