,Unnamed: 0,env_delta,env_max,env_mean,env_std,time
0,0.0,16.6383296105,-24.6886312724,-38.111115986,4.50279085454,9.70013605442
1,,,,,,0.274583668593
2,,,,,,18.0309942376
3,,,,,,26.9091995221
4,,,,,,36.7942115914
5,,,,,,45.3978332074
6,,,,,,54.1845106023
7,,,,,,62.055909102
8,,,,,,69.2866123749
9,,,,,,76.7918993165
10,,,,,,85.3039930429
11,,,,,,93.6330309902
