,Unnamed: 0,env_delta,env_max,env_mean,env_std,time
0,0,11.4805562637,-22.2146871238,-23.6094173704,1.71427705008,3.05342403628
1,1,11.8381961048,-21.8570472827,-22.6070292175,0.357855291888,12.7187301587
2,2,12.5998595781,-21.0953838095,-22.7087294434,1.45158574191,22.5639909297
