,env_delta,env_max,env_mean,env_std,time
0,13.9179097084,-27.499689039,-40.7134527503,5.23109785603,0.16253968254
1,11.0399935312,-30.3776052161,-41.3664576216,4.5312279497,2.88507936508
