,Unnamed: 0,time
0,,1.3939726428205685
1,,4.602159681076731
2,,7.892345110087044
