,Unnamed: 0,env_delta,env_max,env_mean,env_std,time
0,0.0,5.105037271027289,-24.83151806039616,-32.91612650071909,4.871257377026987,0.06385487528344673
1,,,,,,2.9552748518762355
2,,,,,,5.8757817643186305
3,,,,,,8.831056616194864
4,,,,,,11.7863314680711
5,,,,,,14.602534562211982
6,,,,,,17.418737656352867
7,,,,,,20.165404871626073
8,,,,,,22.842536208031603
9,,,,,,25.971650757077025
10,,,,,,29.03122942725478
11,,,,,,31.98650427913101
