,Unnamed: 0,Unnamed: 0.1,env_delta,env_max,env_mean,env_std,time
0,0,,,,,,0.523638846219
1,1,,,,,,2.70235047424
2,2,,,,,,5.47950649794
3,3,,,,,,7.48055494599
4,4,,,,,,9.53770755614
