,env_delta,env_max,env_mean,env_std,time
0,10.0913047825,-32.0034586431,-36.0587799268,1.90664484948,2.62385487528
1,11.0755982116,-31.0191652141,-33.3830913935,2.18449163358,9.1370521542
