,Unnamed: 0,env_delta,env_max,env_mean,env_std,time
0,0,15.806797402152213,-28.326848369707022,-36.09703689799575,2.2595494861140613,1.8750113378684807
1,1,11.0790283098534,-33.05461746200584,-41.751907785802935,2.3308278156692115,15.046530612244894
2,2,11.931877421245177,-32.20176835061406,-41.574469022180146,2.2541192593741917,23.48698412698413
3,3,7.869153198818481,-36.264492573040755,-43.22649937348385,1.5411492051510696,31.71265306122449
4,4,4.740523186909456,-39.39312258494978,-44.1321875502279,0.9296278471752532,38.48126984126985
