,Unnamed: 0,env_delta,env_max,env_mean,env_std,time
0,0,13.811479987,-17.9955778492,-28.9186170614,6.02298801645,0.168344671202
1,1,14.1145344078,-17.6925234284,-30.404437325,6.26737255402,2.59482993197
