,env_delta,env_max,env_mean,env_std,time
0,6.61482906983,-30.1587076033,-31.1550131019,0.913904351969,0.893968253968
1,4.52081263324,-32.2527240399,-32.8656579152,0.275695115653,3.50040816327
2,3.78862103042,-32.9849156427,-33.9088883802,0.389705319127,6.11265306122
3,3.26015882222,-33.5133778509,-34.2971973199,0.509341819347,8.81777777778
4,3.69679639254,-33.0767402806,-33.9139561353,0.473552010964,11.3197278912
