,env_delta,env_max,env_mean,env_std,time
0,9.47849376364,-32.2055517143,-40.0817523572,3.15276500966,13.0205895692
1,7.87309729363,-33.8109481843,-41.0679069882,2.92420481945,29.9363265306
