,env_delta,env_max,env_mean,env_std,time
0,23.0324877913,-17.7457685683,-22.6531899358,2.47428279082,1.71247165533
1,22.9206726964,-17.8575836632,-24.4934549571,4.1405270566,9.61886621315
2,22.6043977343,-18.1738586253,-22.1357069619,3.28702639771,16.9041269841
