,env_delta,env_max,env_mean,env_std,time
0,8.84464827795,-32.7378792066,-34.1140287309,1.11791778513,0.27283446712
1,2.80136369129,-38.7811637933,-39.4389140189,0.401099016602,4.51628117914
2,6.60138833284,-34.9811391517,-35.5323931596,0.341419379602,8.38820861678
3,13.059843288,-28.5226841966,-29.5676291155,0.652295798237,12.4110657596
4,12.902018212,-28.6805092725,-30.0819541845,0.939235299527,16.2946031746
5,3.71296954595,-37.8695579386,-38.3074972469,0.310272064492,20.3871201814
6,3.76842350827,-37.8141039763,-38.4184992014,0.37236161542,24.3751473923
7,5.76282656311,-35.8197009214,-37.2663681612,1.14143733851,28.4560544218
8,12.8825642668,-28.6999632177,-29.6392329272,1.9975394815,32.3744217687
