,Unnamed: 0,env_delta,env_max,env_mean,env_std,time
0,0,9.606989924146744,-33.095705381137854,-39.2860649875105,2.3923454085390716,2.7631746031746034
1,1,7.281211540190193,-35.4214837650944,-39.99455009385982,1.927490422796332,12.06857142857143
2,2,8.703554115761898,-33.999141189522696,-39.601770599234364,2.0155193997578214,21.04888888888889
3,3,5.4365984979090305,-37.26609680737556,-40.490597929676035,1.3916366683636965,29.82022675736961
4,4,6.8536657448717975,-35.849029560412795,-39.20551355539203,1.5557246932634845,38.73668934240363
5,5,7.9885656211897365,-34.71412968409486,-38.08575421660985,1.3896494409837352,47.51963718820862
6,6,9.673103494118022,-33.029591811166576,-36.0258241737354,1.397824779326183,56.06458049886621
7,7,9.235566129446902,-33.46712917583769,-35.92061881052258,1.0991246711179259,65.50349206349206
