,Unnamed: 0,Unnamed: 0.1,env_delta,env_max,env_mean,env_std,time
0,0,,,,,,6.61236681052
1,1,,,,,,1.32689634994
2,2,,,,,,3.02974666569
3,3,,,,,,8.89020554458
4,4,,,,,,11.3670787311
5,5,,,,,,12.8487796552
6,6,,,,,,14.9939287543
7,7,,,,,,16.8073537659
8,8,,,,,,19.0188476824
9,9,,,,,,20.7216979982
10,10,,,,,,22.9553068539
11,11,,,,,,4.90951649477
