,Unnamed: 0,time
0,,2.5541977543705654
1,,7.232412588691389
2,,12.206376636676174
3,,17.476089898324922
4,,21.240170799502593
5,,24.493412149806154
