,Unnamed: 0,env_delta,env_max,env_mean,env_std,time
0,0,12.5891544073,-21.211662513,-22.1682518991,0.652587735727,0.731428571429
