,Unnamed: 0,env_delta,env_max,env_mean,env_std,time
0,0,15.539169662513533,-14.610611440303357,-15.40810382620414,0.4688525868709926,3.964807256235828
1,1,17.54825081196824,-12.601530290848649,-13.468326931803055,0.5313738345411284,13.734603174603176
2,2,18.15152933464864,-11.998251768168249,-13.042334855578158,0.4742932061415762,22.418866213151926
