,Unnamed: 0,Unnamed: 0.1,env_delta,env_max,env_mean,env_std,time
0,0.0,0.0,14.4338298489,-26.5039870738,-31.785507868,3.41545260588,0.864943310658
1,1.0,1.0,13.0909823116,-27.8468346111,-31.6794216723,2.25528597409,5.8862585034
2,2.0,2.0,10.8850125715,-30.0528043512,-35.4344931794,2.51541607619,9.54920634921
3,3.0,3.0,3.89364881129,-37.0441681114,-39.5100185036,1.03419139832,13.4675736961
4,,,,,,,17.7163663554
