,Unnamed: 0,time
0,,1.462274156974618
1,,4.4430637846536465
2,,7.70505998098164
3,,11.023297491039425
4,,14.060328432448248
5,,17.069238716992174
6,,20.359355570185063
7,,23.227662570404508
8,,26.067848913759054
