,env_delta,env_max,env_mean,env_std,time
0,14.8043463388,-25.7832638064,-35.4917762926,4.19257323275,0.0928798185941
1,11.2251621991,-29.3624479461,-37.1414266384,3.92841793729,7.15174603175
