,Unnamed: 0,env_delta,env_max,env_mean,env_std,time
0,0,11.23374283794656,-22.208291989739234,-24.084559813010465,1.3514206679992768,1.0681179138321997
