,env_delta,env_max,env_mean,env_std,time
0,9.23108749584,-28.8314381798,-40.6747566213,5.12357217684,0.133514739229
