,Unnamed: 0,env_delta,env_max,env_mean,env_std,time
1,,,,,,1.4599882963938264
2,,,,,,6.968125960061444
3,,,,,,12.526035952015215
