,Unnamed: 0,Unnamed: 0.1,time
0,0,,13.8737920497
1,1,,7.59228374743
2,2,,1.34482156064
