,Unnamed: 0,time
0,,2.164984273279204
1,,6.765575853997513
2,,11.20379361421988
3,,16.18325744276205
4,,20.892098237144317
5,,25.600939031526586
6,,29.876782971253014
7,,34.2608761246434
8,,38.75321849169775
9,,43.13731164508814
10,,47.35903097798259
11,,51.472501097213076
