,Unnamed: 0,time
0,,0.1029688757223326
1,,9.061261063565212
2,,17.710646624241093
3,,26.463001060639307
4,,36.55395088142784
5,,45.20333644210372
6,,53.85272200277959
7,,61.98726318484382
8,,69.09211560968473
9,,76.81478128885962
10,,85.05229134664617
11,,93.59870803159973
