,env_delta,env_max,env_mean,env_std,time
0,3.92882346694,-35.2249690128,-39.8513190137,2.0001492435,0.760453514739
1,7.73940875728,-31.4143837225,-37.5719015735,3.27287834025,5.0735600907
2,9.86066157039,-29.2931309094,-34.9021667327,3.49192463554,9.45052154195
3,13.0937468104,-26.0600456694,-31.112715085,2.63544059117,13.7868480726
4,14.3335217912,-24.8202706886,-30.0073903316,2.66227213289,17.867755102
5,11.0492691191,-28.1045233607,-32.4114191218,1.97626172888,22.0241269841
6,11.677113282,-27.4766791978,-34.8021835213,3.89955912163,26.0353741497
7,14.3235417397,-24.83025074,-32.7074387179,4.41649791842,29.7041269841
