,Unnamed: 0,env_delta,env_max,env_mean,env_std,time
0,0,9.874655674,-32.2629765589,-40.8977362689,2.58602761406,0.150929705215
1,1,11.6743834942,-30.4632487386,-42.1850227338,2.30130484373,11.1223582766
2,2,14.672340927,-27.4652913058,-34.9000656148,2.27291537321,22.8426303855
4,4,19.469143782,-22.6684884509,-34.0589960594,4.56161196434,34.0926984127
6,6,19.5334324865,-22.6041997464,-35.2940193877,4.48417485743,45.8071655329
7,7,21.5687055489,-20.568926684,-36.2684634285,6.88701570565,56.2619501134
8,8,21.9160499913,-20.2215822415,-35.3056640863,4.29603160934,64.1219047619
10,10,19.8116448982,-22.3259873347,-34.4143516695,3.93265037911,73.3576417234
