,env_delta,env_max,env_mean,env_std,time
0,4.41917739536,-18.1673721076,-18.9613223157,0.698442689265,0.133514739229
1,4.68532510081,-17.9012244021,-19.7006083913,3.83490990371,4.74848072562
