,env_delta,env_max,env_mean,env_std,time
0,17.1252727769,-16.3525433873,-17.1866356588,0.5157910723,3.67455782313
1,16.3999714452,-17.077844719,-17.6992976446,0.33942015792,13.4037188209
2,17.4150975637,-16.0627186005,-17.3075881083,0.48307568307,23.8933333333
