,Unnamed: 0,env_delta,env_max,env_mean,env_std,time
0,0.0,10.3580364606,-34.4679977889,-44.6570720013,1.40505545415,7.27365079365
1,1.0,16.6617884002,-28.1642458493,-44.235202703,2.66722441469,12.0859863946
2,,,,,,2.26055153244
3,,,,,,15.6825762563
4,,,,,,20.8630068515
5,,,,,,25.3841099164
6,,,,,,28.9633165094
7,,,,,,32.9663765148
8,,,,,,37.4874795796
9,,,,,,42.2440567625
10,,,,,,46.2471167679
11,,,,,,50.626935362
