,Unnamed: 0,env_delta,env_max,env_mean,env_std,time
0,0,17.389053652051054,-13.721906877622773,-14.829600100459484,0.3782860230807223,2.681904761904762
1,1,18.45252557465207,-12.65843495502175,-13.316987766987168,0.2809038126097567,11.174603174603174
2,2,19.35904699039261,-11.75191353928122,-12.486790699712731,0.3203924015572791,19.748571428571427
3,3,19.547063906053207,-11.563896623620618,-12.945946712035411,1.1646711762684914,28.34575963718821
