,Unnamed: 0,Unnamed: 0.1,time
0,0,,8.08817935776
1,1,,4.59577451052
2,2,,1.45836685929
