,Unnamed: 0,env_delta,env_max,env_mean,env_std,time
0,0,17.886741433327252,-22.400330241973084,-26.97444746859128,2.086285013177954,1.2654875283446712
1,1,17.25123396952009,-23.03583770578024,-27.581910801292487,2.5980575723482717,7.383945578231293
2,2,11.713559270620241,-28.57351240468009,-32.37941400464139,1.9056816422873808,13.438548752834468
3,3,10.93253330292132,-29.35453837237901,-32.361011408143696,1.4625603734532178,20.14331065759637
4,4,2.9507522648368933,-37.33631941046344,-40.7364984507544,1.1130868620359198,25.774149659863944
