,env_delta,env_max,env_mean,env_std,time
0,4.97560027195,-25.0458755975,-33.1304659367,5.01801326601,0.0638548752834
