,Unnamed: 0,env_delta,env_max,env_mean,env_std,time
0,8.0,11.8022745091,-32.3122200503,-41.9511287811,3.65027707861,28.4270294785
1,9.0,11.3412612142,-32.7732333452,-41.8343494577,3.62922344173,31.2656689342
2,10.0,11.3831051723,-32.7313893871,-41.6449214526,3.64568095228,34.1333333333
3,,,,,,0.623095116183
4,,,,,,3.90254309609
5,,,,,,7.3131689952
6,,,,,,10.3630556165
7,,,,,,13.3473532782
8,,,,,,16.2988564601
9,,,,,,19.2175651623
10,,,,,,22.037890425
11,,,,,,25.3173384049
