,Unnamed: 0,env_delta,env_max,env_mean,env_std,time
0,0.0,9.23108749584,-28.8314381798,-40.6747566213,5.12357217684,0.133514739229
1,,,,,,2.78275587415
2,,,,,,5.65725095295
3,,,,,,8.65406497127
4,,,,,,11.4368208454
5,,,,,,14.2501564545
6,,,,,,16.9717528588
7,,,,,,19.8462479376
8,,,,,,22.7819024862
9,,,,,,25.5646583604
10,,,,,,28.5003129089
11,,,,,,31.3442282528
