,Unnamed: 0,env_delta,env_max,env_mean,env_std,time
0,0,13.400359737092225,-22.25486144723461,-34.07091535723957,5.759880530769488,0.16253968253968254
1,1,14.567939698640757,-21.087281485686084,-33.47541556855074,5.8053757942313595,2.211700680272109
