,Unnamed: 0,env_delta,env_max,env_mean,env_std,time
0,0,9.709058559345571,-28.65440351844332,-30.906018065752964,1.1353838875838682,1.880816326530612
1,1,7.690742980933938,-30.672719096854962,-32.908054610275286,1.0823939230019028,9.793015873015873
2,2,9.155042606329186,-29.208419471459713,-31.674881511243157,1.3623804947173799,18.192834467120182
3,3,6.874339145024403,-31.489122932764488,-36.17447473921713,2.0025487106281954,26.308208616780053
