,Unnamed: 0,env_delta,env_max,env_mean,env_std,time
0,0.0,4.14210088497,-26.1726705333,-27.2533309992,0.572597296257,0.238004535147
1,,,,,,1.84821885744
2,,,,,,3.62176220548
3,,,,,,5.35796779883
4,,,,,,7.13151114687
5,,,,,,8.81171010818
6,,,,,,10.3985646827
7,,,,,,12.022757012
8,,,,,,13.7029559733
9,,,,,,15.3644860573
10,,,,,,16.9700095092
11,,,,,,18.7622217346
