,Unnamed: 0,env_delta,env_max,env_mean,env_std,time
0,3.0,3.015701822428248,-41.48029108490577,-43.539595478595764,1.04045325034431,25.18784580498866
1,,,,,,20.085317460317462
2,,,,,,22.575680272108844
3,,,,,,17.9468537414966
4,,,,,,15.727182539682541
5,,,,,,13.669926303854876
6,,,,,,11.450255102040817
7,,,,,,9.420068027210885
8,,,,,,6.956774376417234
9,,,,,,4.7641723356009065
10,,,,,,2.4091553287981853
11,,,,,,0.37896825396825395
