,Unnamed: 0,env_delta,env_max,env_mean,env_std,time
0,0,17.472469325178526,-24.613786476760172,-29.70884063249278,4.168148832425092,1.8575963718820865
1,1,20.276323109850047,-21.809932692088648,-26.25766479254155,4.224145020185067,8.283718820861678
2,2,15.35312055920834,-26.733135242730352,-31.301207031156853,3.950679783915288,15.214875283446712
