,Unnamed: 0,time
0,,2.12794317249
1,,5.76784596754
2,,9.42174838872
3,,13.5656377246
