,env_delta,env_max,env_mean,env_std,time
0,2.7170424559,-41.8530444594,-43.3769432612,0.450589352113,28.142585034
