,Unnamed: 0,env_delta,env_max,env_mean,env_std,time
0,0,10.411188969937779,-30.43340232073757,-40.004356889161905,3.8918058984634913,0.15673469387755098
1,1,10.837680490803496,-30.006910799871854,-39.651156180602044,4.1670589483593545,2.043356009070295
