,env_delta,env_max,env_mean,env_std,time
0,15.1065224956,-29.3549890426,-39.9967401509,4.29854793993,1.71827664399
1,11.4809631524,-32.9805483859,-43.7098866802,2.41531388446,6.84988662132
2,6.65655408197,-37.8049574563,-44.2350122806,1.23408126563,11.8189569161
3,11.9104213907,-32.5510901475,-43.8116007105,2.27963788892,17.2872562358
4,10.849365885,-33.6121456533,-43.1254074963,2.32261954929,22.8019954649
