,env_delta,env_max,env_mean,env_std,time
0,9.85524385433,-30.0557402412,-36.0252617688,2.98454356291,3.31464852608
1,11.0403429385,-28.8706411571,-34.7240316807,2.73236106451,11.6970521542
2,10.5132624179,-29.3977216777,-34.0872910449,2.48441749691,20.2419954649
3,10.5639527184,-29.3470313771,-33.4701701201,2.22868949633,28.8449886621
4,10.4261853758,-29.4847987197,-33.2708125983,2.10025446741,37.3318820862
5,12.1672072515,-27.7437768441,-30.9979255231,1.72768738702,45.7897505669
6,12.0370274176,-27.8739566779,-31.0001665461,1.6017074134,54.4914285714
7,11.1589064768,-28.7520776188,-31.346588164,1.02998062018,63.2685714286
