,Unnamed: 0,time
0,,1.2996854655840835
1,,4.914435666739814
2,,7.879343135103503
3,,11.291017482261722
4,,14.70269182941994
5,,18.561133055372686
6,,21.526040523736377
7,,24.69402384609758
8,,28.511849901250823
9,,31.679833223612025
10,,36.1068868407578
11,,38.82810328432448
