,env_delta,env_max,env_mean,env_std,time
0,21.2990584015,-23.3037341056,-42.961336997,4.10408841126,2.21750566893
1,17.358808319,-27.2439841881,-43.4852141288,2.84864185759,6.3622675737
2,11.8727674361,-32.730025071,-44.1161025587,1.84652357601,10.4605895692
3,14.204333392,-30.3984591152,-44.1023083629,2.1757155782,14.6692063492
4,6.78152510975,-37.8212673974,-44.5198974134,1.25253410368,18.6688435374
5,5.7064648376,-38.8963276696,-44.8851392365,0.52885108877,22.8368253968
6,6.85317088363,-37.7496216235,-44.6459615741,1.11633384697,43.572244898
