,Unnamed: 0,Unnamed: 0.1,time
0,0,,2.07739009582
1,1,,7.2854948431
2,2,,11.6450881428
3,3,,16.1802355351
4,4,,20.5690878502
5,5,,24.4605369029
6,6,,27.6790286007
7,7,,30.6049301441
