,Unnamed: 0,env_delta,env_max,env_mean,env_std,time
0,0.0,2.6877784639886273,-13.885492782117634,-14.485160907388954,0.2348542537841351,0.16253968253968254
1,,,,,,2.4462914197937238
2,,,,,,4.821469716919026
3,,,,,,7.210870638578013
4,,,,,,9.529158437568576
5,,,,,,11.918559359227562
