,Unnamed: 0,env_delta,env_max,env_mean,env_std,time
0,0.0,4.89013664362,-38.1463801875,-40.2767791659,1.47864881258,25.7683446712
1,1.0,3.27075614278,-39.7657606883,-42.4170185137,1.84552182463,46.7707936508
2,2.0,5.82757170832,-37.2089451228,-40.187378785,1.64287877351,57.1907482993
3,3.0,2.68128706349,-40.3552297676,-42.1738007023,1.24668475239,78.2106122449
4,,,,,,35.9731142158
5,,,,,,13.5674460943
6,,,,,,2.40337616528
7,,,,,,67.0619478377
