,env_delta,env_max,env_mean,env_std,time
0,6.86807936051,-37.3044183949,-44.2515710254,1.18292072136,4.51047619048
1,12.7874967562,-31.3850009991,-43.5616503475,2.18098841071,7.33750566893
