,Unnamed: 0,env_delta,env_max,env_mean,env_std,time
0,0,13.1825840407,-31.1488950981,-41.9987843137,2.6316768441,2.13623582766
1,1,14.4890755285,-29.8424036103,-43.4687357434,2.65576920204,7.11691609977
2,2,14.2603906826,-30.0710884561,-42.8118396375,2.92505604181,12.1672562358
