,Unnamed: 0,time
0,,2.30931655816
1,,6.68739586635
2,,11.2579182211
3,,16.2133266688
4,,21.0244028316
5,,25.643035948
6,,29.8286722096
7,,34.447305326
8,,38.6810523493
9,,43.1072424191
10,,47.2447679191
11,,51.4785149424
