,Unnamed: 0,env_delta,env_max,env_mean,env_std,time
0,0.0,8.96805341545,-33.4401731687,-40.2477110828,2.07008501755,0.0754648526077
1,1.0,15.5085411057,-26.8996854785,-38.4061333275,2.25649367802,12.0453514739
2,2.0,26.1109274442,-16.29729914,-28.1523757326,7.06613455862,34.7196371882
3,3.0,17.9579258523,-24.4503007319,-34.3673239323,4.07916113709,42.7247165533
4,4.0,20.1722616082,-22.235964976,-39.8924463087,6.29463476275,49.3772335601
5,5.0,16.9456287369,-25.4625978473,-40.7480647161,3.5217635997,58.7522902494
6,6.0,12.0752551745,-30.3329714097,-39.1378294517,2.11810712137,66.8038095238
7,,,,,,23.6618470566
