,Unnamed: 0,env_delta,env_max,env_mean,env_std,time
0,0,25.651036677326086,-17.114286305176005,-35.313539513122045,5.577689791058588,1.7298866213151929
1,1,25.267635185998646,-17.497687796503456,-36.66312411689211,6.3463095008594905,7.993469387755103
3,3,26.057992594710058,-16.707330387792034,-37.95573731474371,7.190797533611598,13.305034013605445
