,Unnamed: 0,env_delta,env_max,env_mean,env_std,time
0,0.0,9.9539817004,-18.9865886458,-21.0066874816,1.83092684185,0.11029478458
1,,,,,,2.46996480791
2,,,,,,4.99248205853
3,,,,,,7.51499930916
4,,,,,,10.1163452239
5,,,,,,12.4023764823
6,,,,,,14.714683962
7,,,,,,17.2109249913
8,,,,,,19.6020611351
9,,,,,,22.1508546071
10,,,,,,24.4631620868
11,,,,,,27.0119555588
