,Unnamed: 0,env_delta,env_max,env_mean,env_std,time
0,0.0,2.80131210247,-40.4929096231,-42.7832851637,0.910338778313,2.80961451247
1,1.0,2.91639933572,-40.3778223898,-41.7198326597,0.869170810868,13.5430385488
2,2.0,3.72945895526,-39.5647627703,-41.0368497471,0.750963771669,23.5392290249
3,3.0,3.98822916563,-39.3059925599,-40.8813916249,1.2198248875,32.9142857143
4,,,,,,41.9472687522
