,Unnamed: 0,env_delta,env_max,env_mean,env_std,time
0,0,4.72562118625536,-38.578507360566356,-42.446751774839406,1.272401853616428,0.09868480725623582
1,1,10.48925043928756,-32.81487810753416,-40.76135516390917,3.3040330902493515,14.24544217687075
2,2,13.573159850623224,-29.730968696198502,-38.33458395620314,4.211527771758569,28.061315192743763
