,Unnamed: 0,env_delta,env_max,env_mean,env_std,time
0,0.0,4.783413933700468,-18.3666735306087,-21.459538181319925,1.7743893335007566,0.13351473922902493
1,,,,,,2.2849462365591395
2,,,,,,4.546576695194206
3,,,,,,6.621680930436689
4,,,,,,8.696785165679174
5,,,,,,10.841836734693876
6,,,,,,12.986888303708577
7,,,,,,14.992045205178842
8,,,,,,17.020517884573184
9,,,,,,18.979043230195302
10,,,,,,21.07746324336186
