,env_delta,env_max,env_mean,env_std,time
0,10.8868315624,-31.1811720718,-33.2559301769,1.31577578494,2.69931972789
