,Unnamed: 0,env_delta,env_max,env_mean,env_std,time
0,0,21.798804487628704,-18.087738753119627,-29.60744587893105,5.802542187776848,0.06965986394557823
1,1,25.06958210779984,-14.816961132948489,-24.00380614069123,3.8727582458186713,8.272108843537415
4,4,14.270893291746347,-25.615649949001984,-30.23116926372893,2.168832644460183,16.439727891156462
6,6,16.603568343109725,-23.282974897638606,-30.4609167666492,3.4036346206173715,26.70875283446712
7,7,16.77333436344243,-23.113208877305897,-31.899377106122362,4.034678131530241,35.752925170068025
9,9,19.227788230106338,-20.658755010641986,-30.925938775579823,4.645869373939746,46.323809523809516
10,10,20.56058145221057,-19.32596178853776,-31.732678245071412,5.758079690903914,53.32462585034014
11,11,21.402602695641306,-18.483940545107025,-32.42828796244549,7.022297536508053,60.31383219954648
12,12,23.123891411260537,-16.76265182948779,-33.68753733396369,6.669908747348084,65.59637188208617
