,Unnamed: 0,env_delta,env_max,env_mean,env_std,time
0,3.0,13.370024031568745,-26.25977971978505,-35.75010107253049,3.4494805250543665,35.38721088435374
1,4.0,10.963866419380894,-28.665937331972906,-37.29409659815896,2.8616178992331585,44.384943310657604
2,5.0,10.441555369769508,-29.188248381584287,-37.82506625509093,3.9662749578484444,51.44380952380953
3,6.0,13.960914327970231,-25.66888942338357,-37.686263020847356,4.45186092989968,59.524353741496604
4,7.0,11.81991121451136,-27.80989253684244,-39.50970571431171,3.97349677292542,75.80734693877552
5,,,,,,0.5388413429888086
6,,,,,,67.26536098310291
7,,,,,,81.36504279131007
