,Unnamed: 0,env_delta,env_max,env_mean,env_std,time
0,0,11.100218822021462,-31.013281452577065,-41.72124632110573,3.8491006044526546,0.13351473922902493
1,1,10.16703734165088,-31.94646293294765,-41.871645969510155,3.7171576752158177,3.0998639455782317
