,Unnamed: 0,time
0,,2.0173222514812377
1,,5.744239631336405
2,,9.57373271889401
3,,13.43741770901909
4,,16.68564845292956
5,,19.250041145490453
6,,21.917009545753785
7,,24.27625082290981
8,,26.840643515470706
9,,29.541803818301513
10,,32.00362080315997
