,Unnamed: 0,env_delta,env_max,env_mean,env_std,time
0,0,7.5808108265592775,-35.527179125804366,-38.30300723642222,1.81910520532687,2.4555102040816332
1,1,8.656867336962456,-34.45112261540119,-36.88517928711399,1.7416741008303644,7.83092970521542
2,2,11.005712116663638,-32.10227783570001,-35.48076048586311,2.9769919662439213,13.25859410430839
