,Unnamed: 0,env_delta,env_max,env_mean,env_std,time
0,0,10.875334691092133,-31.18374087698565,-33.204026133687876,1.3111568897066568,2.705124716553288
