,env_delta,env_max,env_mean,env_std,time
0,5.79254034426,-20.0522094188,-23.4986308332,1.86026147095,0.116099773243
