,env_delta,env_max,env_mean,env_std,time
0,11.1821066083,-31.3796724859,-37.8113070416,2.64043851533,2.35102040816
1,15.5281851935,-27.0335939007,-32.9642103494,3.67976808651,10.9888435374
2,13.9061034067,-28.6556756876,-35.0273000839,3.04717197194,19.226122449
3,10.5822582,-31.9795208943,-36.6048433831,2.79287474671,27.0686621315
4,8.46568064861,-34.0960984456,-38.0481926216,2.36282715621,34.4758276644
