,Unnamed: 0,time
0,,2.24806768586
1,,7.32870065589
2,,12.0496427962
3,,16.5008168142
4,,20.5473386487
5,,24.9085899593
6,,29.089995855
7,,32.8667495672
8,,36.868310048
9,,41.00475459
10,,44.8714310097
11,,48.5133006608
