,env_delta,env_max,env_mean,env_std,time
0,2.96371393079,-41.5303741839,-44.0015679134,1.06033939574,13.9319727891
1,3.31510008916,-41.1789880255,-43.7877547802,1.22025335872,15.9869387755
2,2.64195798674,-41.8521301279,-43.9978302521,0.950132123447,18.1289795918
3,2.95103744223,-41.5430506724,-43.5393541264,1.04375784153,25.1588208617
