,Unnamed: 0,env_delta,env_max,env_mean,env_std,time
0,0,8.073561190507547,-32.915102301665286,-38.42089171864004,2.5334921285245366,3.2740136054421765
1,1,7.766488681051221,-33.22217481112161,-37.97125394513776,2.350746901051292,11.441632653061225
2,2,9.166713647689342,-31.82194984448349,-36.94690444524172,2.2052797422736643,20.474195011337873
3,3,10.007625638398276,-30.981037853774556,-36.110766102115996,2.301600163533631,29.193287981859413
4,4,9.452188488678964,-31.536475003493873,-35.76984336414528,1.9801768467162828,38.20843537414966
5,5,10.721004848599618,-30.267658643573213,-34.26940692762233,1.9236321005034376,47.52544217687075
6,6,11.019875998627276,-29.968787493545555,-33.391172271724315,1.7786813347283947,56.7785941043084
7,7,10.711284520707702,-30.27737897146513,-33.188082265969236,1.254798711781437,66.06077097505667
