,env_delta,env_max,env_mean,env_std,time
0,15.9927268794,-28.1430254201,-36.1091487316,2.28391299425,1.87501133787
1,11.1299662693,-33.0057860302,-41.7528065905,2.34165946197,15.0465306122
2,11.8353619435,-32.300390356,-41.5860649633,2.25571853524,23.486984127
3,7.99239651758,-36.1433557819,-43.2232523497,1.54702360833,31.7126530612
4,4.70087776529,-39.4348745342,-44.1267994196,0.936292972848,38.4812698413
