,Unnamed: 0,env_delta,env_max,env_mean,env_std,time
0,0,13.679821969112885,-27.30085966596221,-40.08455527204281,4.915295860068119,0.16253968253968254
1,1,10.562879696213066,-30.417801938862034,-41.07494524533438,4.3798195484635984,2.8850793650793656
