,Unnamed: 0,env_delta,env_max,env_mean,env_std,time
0,0.0,3.29210347961,-41.5424579431,-44.732806183,0.656169409964,6.88471655329
1,1.0,7.30026854121,-37.5342928815,-44.1978645678,1.71413893599,11.493877551
2,2.0,7.3836811556,-37.4508802671,-44.5330113378,1.44076423631,16.2946031746
3,3.0,5.71764372996,-39.1169176927,-44.5082639331,1.19469899554,21.0082539683
4,4.0,3.33150502413,-41.5030563985,-44.4917469052,0.900847193861,25.8728344671
5,5.0,3.64417213411,-41.1903892886,-44.875751802,0.521273910059,34.4119727891
6,,,,,,1.87623436471
7,,,,,,30.3818301514
