,Unnamed: 0,time
0,,0.0590300636384
1,,2.56780776827
2,,5.66688610928
3,,8.70693438666
4,,11.6879526004
5,,14.7575159096
6,,17.6499890279
7,,20.1882817643
8,,22.7560895326
9,,25.2353522054
10,,27.6850998464
11,,30.518542901
