,Unnamed: 0,env_delta,env_max,env_mean,env_std,time
0,0,22.553999879665266,-18.78092196118108,-23.638369562966083,3.500749283550507,2.8212244897959184
1,1,21.024063396150503,-20.310858444695835,-26.06312519129484,3.5094267559901233,8.684263038548753
2,2,13.733580111171253,-27.601341729675088,-31.184705782446986,1.801972716024168,14.715646258503401
3,3,12.017239415737894,-29.317682425108448,-32.571655226192405,2.036759547088664,20.75283446712018
4,4,15.337194019602766,-25.997727821243572,-29.118744011068298,2.698354060937972,26.354648526077096
5,5,16.15059599869552,-25.184325842150827,-29.13142559088793,3.664167108632004,31.567528344671203
6,6,17.322033968810693,-24.012887872035645,-28.72826252191952,3.2659593252866066,36.815238095238094
