,env_delta,env_max,env_mean,env_std,time
0,7.91743060117,-35.5632556163,-43.2210784371,2.56469937538,0.156734693878
1,6.40675922832,-37.0739269892,-43.4640396593,2.28744686415,1.2422675737
2,7.41414072428,-36.0665454932,-43.9332257652,1.94981795234,2.12462585034
3,7.41414072428,-36.0665454932,-43.1477391655,2.36502722322,2.8212244898
