,env_delta,env_max,env_mean,env_std,time
0,2.81894623488,-41.9187436351,-44.5761052363,0.49407093097,2.11301587302
1,3.37062539296,-41.367064477,-44.6049727223,0.416261794738,7.37233560091
2,2.9773706097,-41.7603192602,-44.6229375105,0.414321809193,18.5701587302
3,5.04285114428,-39.6948387257,-44.5154480577,0.794270463972,24.3577324263
4,4.29470414037,-40.4429857296,-44.4595462451,0.757472107604,29.4196825397
5,5.2447259117,-39.4929639582,-44.4900211603,0.64315877923,34.6906122449
