,env_delta,env_max,env_mean,env_std,time
0,3.68147190936,-37.8805505105,-39.1115953697,0.885040837843,2.59482993197
1,8.47983490004,-33.0821875199,-35.6424773735,1.89577510138,13.4153287982
2,4.34489060946,-37.2171318105,-38.8175949729,1.28721007186,23.6959637188
3,9.06514252346,-32.4968798964,-35.3552240044,1.94824362804,33.8256689342
4,12.5557738322,-29.0062485877,-32.184842064,2.86567128307,43.7173696145
5,5.16609811773,-36.3959243022,-38.4376737072,1.69410581628,53.7135600907
6,6.50975034463,-35.0522720753,-40.2496618427,1.79977070566,65.4338321995
7,5.93874557092,-35.623276849,-36.9147763792,1.07400873961,85.9486621315
