,Unnamed: 0,env_delta,env_max,env_mean,env_std,time
0,0,13.336476782100199,-30.99364290318116,-41.98988313649379,2.6342925335094605,2.1362358276643993
1,1,14.502303088822009,-29.82781659645935,-43.461724485417115,2.6652313983307985,7.116916099773243
2,2,14.32898361954318,-30.001136065738184,-42.8039203944458,2.9318736922329367,12.167256235827663
