,Unnamed: 0,env_delta,env_max,env_mean,env_std,time
0,0,4.105678006712111,-37.608196315828266,-40.490057739606186,1.3048889914526247,1.840181405895692
1,1,7.352833470171831,-34.361040852368546,-36.672321393349684,1.1391881280817389,10.907573696145121
2,2,4.4869866125119335,-37.226887710028436,-39.44004271598565,1.3618871387800704,19.725351473922906
3,3,3.122820701054806,-38.59105362148557,-40.055828847997454,0.9413941703380584,28.815963718820857
4,4,5.752259340614308,-35.96161498192607,-39.84918192183042,1.7551152689596723,38.063310657596375
5,5,4.860570132021465,-36.853304190518905,-39.30840935713526,2.2649413429033465,47.50222222222222
6,6,8.769727128693802,-32.94414719384657,-35.06668666508315,1.5043486784798128,57.66095238095239
