,Unnamed: 0,env_delta,env_max,env_mean,env_std,time
0,0,5.54193645424,-36.7495692302,-39.0250920261,1.3642038156,1.94467120181
