,Unnamed: 0,env_delta,env_max,env_mean,env_std,time
0,0,18.11958195937798,-21.7338708403982,-33.40078614757801,4.477466007891809,0.07546485260770976
