,Unnamed: 0,Unnamed: 0.1,env_delta,env_max,env_mean,env_std,time
0,0,0,9.6859168339,-28.6803484342,-30.9459788671,1.16252702894,1.87501133787
1,1,1,7.67252605296,-30.6937392151,-32.9031045786,1.0663095683,9.79301587302
2,2,2,9.19168260338,-29.1745826647,-31.703071862,1.43708020766,18.1870294785
3,3,3,6.8152840523,-31.5509812158,-36.2026635185,2.01491858252,26.3024036281
