,Unnamed: 0,time
0,,2.0078999341672157
1,,7.274522712310732
2,,11.619486504279132
3,,16.22778143515471
4,,20.605661619486504
5,,24.48979591836735
6,,27.682685977616856
7,,30.57932850559579
