,env_delta,env_max,env_mean,env_std,time
0,15.84209042,-28.6752877582,-39.7767781404,4.61527798079,2.11882086168
1,7.42245384867,-37.0949243295,-43.8465398264,1.70172422914,6.82666666667
2,8.25215763123,-36.265220547,-44.0860432675,1.81202156453,15.9579138322
3,6.19065895164,-38.3267192266,-43.8801199169,1.3732313995,20.9908390023
4,8.40799455891,-36.1093836193,-43.1740970242,2.89908633121,25.9657142857
5,8.7318625498,-35.7855156284,-43.8397844713,2.06353531305,30.4297505669
6,12.625771989,-31.8916061893,-43.2948629741,3.21187158612,35.1201814059
7,11.9576453731,-32.5597328051,-43.8720173795,2.76045324378,39.4448979592
8,7.24121201891,-37.2761661593,-44.4252559568,1.31746254396,43.107845805
