,Unnamed: 0,env_delta,env_max,env_mean,env_std,time
0,0,15.4131210543,-24.9521084427,-34.6722816015,3.98657643129,0.0812698412698
1,1,15.1797985913,-25.1854309056,-35.4333620373,4.21146147276,11.3719727891
3,3,17.6361558538,-22.7290736432,-35.5774021711,5.39998758213,19.0345578231
4,4,16.4124891173,-23.9527403796,-38.1923267051,4.86807765966,27.7246258503
5,5,15.1864492819,-25.178780215,-36.6503111787,3.9158199408,35.9386848073
