,Unnamed: 0,env_delta,env_max,env_mean,env_std,time
0,0.0,9.190495358203355,-34.036694450237604,-38.2312868423058,1.7848960620360694,1.8517913832199544
1,1.0,9.971792668447911,-33.255397139993036,-36.455243445591705,1.360275828463501,7.952834467120183
2,2.0,6.9996482874002695,-36.227541521040685,-39.9520450794795,1.5421227653962255,13.357278911564624
3,,,,,,18.38142326823202
4,,,,,,23.441317387169917
