,Unnamed: 0,env_delta,env_max,env_mean,env_std,time
0,0,10.085659635836237,-32.00224832646486,-36.038991764587,1.9094632211423688,2.6238548752834467
1,1,11.217831357747949,-30.870076604553148,-33.35438257249382,2.1885241534787263,9.137052154195011
