,Unnamed: 0,env_delta,env_max,env_mean,env_std,time
0,0.0,7.67459347359,-20.401572897,-32.2892987196,6.87500207682,0.133514739229
1,,,,,,2.33041555929
2,,,,,,4.54070660522
3,,,,,,6.65489804046
4,,,,,,8.88921398906
5,,,,,,11.171579743
6,,,,,,13.5019953023
7,,,,,,15.6402116402
8,,,,,,17.8985524915
9,,,,,,20.1328684401
10,,,,,,22.3912092914
11,,,,,,24.62552524
