,Unnamed: 0,env_delta,env_max,env_mean,env_std,time
0,0.0,5.362083829487592,-29.61820896714417,-32.340315518663296,1.403616276583575,0.2786394557823129
1,,,,,,2.216589861751152
