,env_delta,env_max,env_mean,env_std,time
0,17.3930850239,-25.7081582542,-34.7690462108,4.38207560785,1.85179138322
1,20.1628974481,-22.93834583,-34.9383475296,4.46988864417,9.94975056689
2,24.1900874679,-18.9111558102,-36.0470329925,5.60798696369,16.1378684807
