,Unnamed: 0,env_delta,env_max,env_mean,env_std,time
0,0.0,5.79254034426,-20.0522094188,-23.4986308332,1.86026147095,0.116099773243
1,,,,,,24.1700680272
2,,,,,,22.0436690805
3,,,,,,19.7282568942
4,,,,,,17.5546046376
5,,,,,,15.4045790359
6,,,,,,13.3018067442
7,,,,,,10.868261283
8,,,,,,8.69460902641
9,,,,,,6.42645014995
10,,,,,,4.25279789335
11,,,,,,2.12639894668
