,Unnamed: 0,env_delta,env_max,env_mean,env_std,time
0,0,11.192187832671411,-31.36906822969157,-37.69846514985979,2.6077763033319634,2.36843537414966
1,1,15.93200365351174,-26.629252408851237,-32.7611851951232,3.617352238372297,11.00625850340136
2,2,14.083242632697376,-28.478013429665605,-35.045632047250066,3.0714105042863635,19.22031746031746
3,3,10.689694614864283,-31.871561447498692,-36.77090769120965,2.8685791278253645,27.051247165532878
4,4,8.530898616602393,-34.030357445760586,-37.85440484436424,2.239465158487603,34.510657596371885
