,Unnamed: 0,time
0,,2.03631775291
1,,5.83541803818
2,,9.60412552118
3,,13.464011411
4,,16.6552556506
5,,19.2994294492
6,,21.8828176432
7,,24.344634628
8,,26.8976300197
9,,29.5418038183
10,,32.09479921
