,env_delta,env_max,env_mean,env_std,time
0,18.0269466822,-26.4734056313,-42.9412186944,3.40510195012,1.75891156463
1,10.730406454,-33.7699458596,-44.0027032036,1.81214339779,7.75546485261
2,10.8281915682,-33.6721607454,-43.2603722239,2.73495659311,14.0132426304
