,env_delta,env_max,env_mean,env_std,time
0,3.00107368881,-41.5532614159,-42.7337702034,0.657697658253,42.7769614512
