,env_delta,env_max,env_mean,env_std,time
0,2.92781522717,-40.2746202029,-41.4460327982,0.915380483376,10.7624489796
1,5.60408360917,-37.5983518209,-40.0340569322,1.86229246193,19.0926077098
2,4.59298485315,-38.609450577,-40.5151575065,0.988821836236,29.1932879819
3,3.08535112003,-40.1170843101,-41.5008766499,0.944422933499,38.794739229
4,2.82517146735,-40.3772639628,-41.9929862363,0.809010793403,74.3619047619
5,3.64361821192,-39.5588172182,-41.8994226265,1.43465911422,91.747845805
6,4.90931248017,-38.2931229499,-41.2358211964,1.53451067937,100.159274376
