,Unnamed: 0,env_delta,env_max,env_mean,env_std,time
0,0.0,3.3203215905,-41.4696851943,-44.8995376108,0.426013389279,1.77052154195
1,,,,,,5.03443623567
2,,,,,,8.00933037492
3,,,,,,11.4132957843
4,,,,,,14.8172611936
5,,,,,,18.1640171003
6,,,,,,21.2533302449
7,,,,,,24.4856671462
8,,,,,,27.4319565341
9,,,,,,30.4354554247
