,Unnamed: 0,env_delta,env_max,env_mean,env_std,time
0,0,10.693413210058457,-17.195785368306147,-23.20936922695879,3.4914557909108566,0.4353741496598639
