,Unnamed: 0,env_delta,env_max,env_mean,env_std,time
0,0.0,4.585918638251479,-36.6082433661632,-41.42474581779185,1.8465683809876658,4.707845804988662
1,1.0,8.183062812997719,-33.01109919141695,-38.41889843514125,2.7710796636217387,9.89750566893424
2,2.0,9.8964790436031,-31.29768296081157,-36.08597915699918,2.2363526230997546,14.437006802721088
3,3.0,11.477760714316736,-29.716401290097927,-34.35639348119816,1.8041469734060855,18.575963718820862
4,4.0,9.336119747610683,-31.85804225680399,-35.93880254514102,1.6204850650775158,22.935510204081634
5,5.0,9.936326094526454,-31.257835909888215,-38.087531465928656,3.3682127545251195,27.37632653061225
6,8.0,7.509216476597309,-33.68494552781736,-40.02552392049164,2.2719915124254824,31.64299319727891
7,,,,,,0.6446675444371301
