,Unnamed: 0,env_delta,env_max,env_mean,env_std,time
0,0,23.91626929251498,-18.702861025766204,-26.868392093286705,2.9898049983526276,7.598730158730159
1,1,27.062234341802007,-15.556895976479176,-28.543169147137075,3.985707429968153,22.714920634920635
2,2,23.98480416928612,-18.634326148995054,-32.25271255773752,4.765094798163535,33.837278911564624
3,3,26.59950849818852,-16.01962182009266,-31.576194713864414,4.462617216025071,42.95691609977325
4,4,28.597490452318407,-14.021639865962774,-31.872426984577228,5.452191730310126,51.45541950113378
