,env_delta,env_max,env_mean,env_std,time
0,12.027459315,-30.7207462733,-32.6204870529,1.38299055725,2.46712018141
1,8.11766272243,-34.6305428658,-35.9189370002,1.01450501315,8.37659863946
2,10.4982070183,-32.24999857,-34.4161323233,1.86716691982,15.3135600907
3,7.37332264664,-35.3748829416,-37.0747935114,1.09743000699,22.3782312925
