,Unnamed: 0,env_delta,env_max,env_mean,env_std,time
0,0,5.232288705795241,-37.51132392141595,-40.004287739380544,0.7671546907099126,0.13351473922902493
1,1,5.865804324873268,-36.877808302337925,-39.95871908007909,1.1182602504361918,3.523628117913832
