,Unnamed: 0,env_delta,env_max,env_mean,env_std,time
0,0.0,12.538252498134305,-32.26512228702962,-43.27088162200484,3.0731934898504227,6.722176870748299
1,1.0,4.827374164941715,-39.97600062022221,-44.75453065028757,0.6671508610119359,11.88281179138322
2,2.0,5.637393480380198,-39.16598130478373,-44.597823301479856,0.9130024054453522,16.579047619047618
3,,,,,,21.69450844854071
4,,,,,,1.6669226830517152
