,Unnamed: 0,time
0,,0.0674582855842
1,,2.4824649095
2,,4.93794650477
3,,7.58231129967
4,,10.1052511805
5,,12.6821576898
