,env_delta,env_max,env_mean,env_std,time
0,8.18780729883,-17.5511971399,-29.1142559597,6.70867758481,0.127709750567
1,6.52960004524,-19.2094043935,-27.7205069198,4.5286507095,7.36072562358
