,env_delta,env_max,env_mean,env_std,time
0,11.7749362777,-29.0143119308,-37.5942236042,3.86466593967,23.3476643991
