,Unnamed: 0,env_delta,env_max,env_mean,env_std,time
0,0.0,11.7970336591,-28.305486825,-36.0529218957,3.80352945849,7.250430839
1,1.0,13.1842116828,-26.9183088013,-36.6063775923,4.17971496861,13.4617687075
2,2.0,26.9511371231,-13.1513833611,-33.2231701532,7.36550647209,20.067845805
3,3.0,15.3147270172,-24.787793467,-35.8547050485,5.61493141668,27.5330612245
4,4.0,26.8418437137,-13.2606767704,-30.3505191509,8.80805395962,32.1538321995
5,,,,,,37.1529149294
6,,,,,,0.0766830029503
