,Unnamed: 0,env_delta,env_max,env_mean,env_std,time
0,0.0,11.831631207851947,-28.929805637078573,-37.576102749595,3.8790725415252223,23.33605442176871
1,,,,,,16.637297929924657
2,,,,,,10.108125777192596
3,,,,,,5.126609245848876
4,,,,,,0.14509271450515637
5,,,,,,30.08255614073586
6,,,,,,36.07972167361568
7,,,,,,42.22197992100065
