,Unnamed: 0,env_delta,env_max,env_mean,env_std,time
0,0.0,3.3111835382349133,-41.52360340074122,-44.73170206847888,0.658112799094365,6.884716553287983
1,1.0,7.3547631656977615,-37.48002377327837,-44.19346154962663,1.7215513346275004,11.493877551020407
2,2.0,7.3210737192080035,-37.513713219768135,-44.53225834832764,1.4421183254038823,16.294603174603175
3,3.0,5.755299545475516,-39.07948739350061,-44.50605341847149,1.1986098045894276,21.008253968253968
4,4.0,3.2495693121978704,-41.58521762677826,-44.49125523034791,0.9012872890967252,25.87283446712018
5,5.0,3.612896192743413,-41.22189074623272,-44.87612581570529,0.5194304863479152,34.411972789115644
6,,,,,,30.365371955233705
7,,,,,,1.814516129032258
