,env_delta,env_max,env_mean,env_std,time
0,10.3467665215,-15.5981984989,-16.6987268543,1.26016446547,0.116099773243
