,env_delta,env_max,env_mean,env_std,time
0,7.67459347359,-20.401572897,-32.2892987196,6.87500207682,0.133514739229
