,Unnamed: 0,env_delta,env_max,env_mean,env_std,time
0,0.0,19.4053686146,-21.9981229524,-29.9661308086,3.5172317387,7.26784580499
1,2.0,11.8105119871,-29.5929795798,-38.5823311481,3.57621233273,22.8600453515
2,4.0,10.9242253804,-30.4792661865,-35.5616961191,2.44001639376,38.1271655329
3,,,,,,0.160558847195
4,,,,,,15.1995708678
5,,,,,,28.4724355692
6,,,,,,44.2072025943
7,,,,,,50.6830760978
8,,,,,,55.6604003609
