,Unnamed: 0,time
0,,0.13004718016238925
1,,5.787099517226245
2,,11.509175444371298
3,,17.94651086240948
4,,23.733610379635724
5,,29.845827847267937
6,,35.697950954575376
7,,41.15993252139566
8,,45.9066545973228
9,,50.84844744349353
10,,55.790240289664254
11,,60.60198595567259
