,env_delta,env_max,env_mean,env_std,time
0,6.77911339473,-32.1658565468,-32.537757106,0.222246561481,0.27283446712
1,4.7542653944,-34.1907045472,-35.0377287946,0.357030326036,4.27827664399
2,13.8899319092,-25.0550380324,-25.5952065817,0.260232117825,8.28371882086
3,11.7643744052,-27.1805955364,-27.4302678303,0.124263104632,12.2833560091
4,16.8032573657,-22.1417125759,-22.4144411741,0.223816014603,16.2655782313
5,11.5265424323,-27.4184275092,-27.5716592826,0.0678396339062,20.2071655329
6,8.40872235139,-30.5362475902,-31.6703432253,0.60637065954,24.2358276644
7,6.5008506781,-32.4441192635,-32.8882831394,0.310462339863,28.2586848073
8,16.39951739,-22.5454525516,-22.846185845,0.223633604997,32.2467120181
