,Unnamed: 0,env_delta,env_max,env_mean,env_std,time
0,0,5.652861627813857,-36.63172150415289,-39.00511663878071,1.3618773114994722,1.944671201814059
