,Unnamed: 0,env_delta,env_max,env_mean,env_std,time
0,0.0,4.70724208816,-18.4587802597,-21.452649516,1.747127708,0.133514739229
1,,,,,,21.0567381074
2,,,,,,18.9842245142
3,,,,,,17.0360617365
4,,,,,,15.0049984151
5,,,,,,12.9324848219
6,,,,,,10.8392460927
7,,,,,,8.70455709165
8,,,,,,6.65276863434
9,,,,,,4.45590422549
10,,,,,,2.23831468071
