,env_delta,env_max,env_mean,env_std,time
0,3.52064382726,-27.7952610241,-28.2930123564,0.332239568509,18.1696145125
1,5.46189303223,-25.8540118191,-26.2813753585,0.391536671905,20.514829932
2,6.88345985765,-24.4324449937,-24.7700251843,0.351421829678,23.0283900227
3,7.75668891679,-23.5592159346,-24.0581365664,0.59231182783,25.8031746032
4,8.65539617177,-22.6605086796,-23.0352245473,0.367779030083,28.2470748299
5,9.03088978016,-22.2850150712,-22.7205345559,0.478826059185,30.754829932
