,Unnamed: 0,env_delta,env_max,env_mean,env_std,time
0,0.0,2.59743678329,-40.6522911477,-43.1277144329,1.23431286628,3.02439909297
1,1.0,3.66954831247,-39.5801796185,-40.7576527966,0.993357440624,14.140952381
2,,,,,,24.3029283398
