,Unnamed: 0,time
0,,27.626234364713632
1,,25.27378209348256
2,,22.951489466754445
3,,20.689516129032263
4,,18.156105990783416
5,,15.803653719552338
6,,12.908327847267943
7,,10.193959842001318
8,,7.660549703752469
9,,5.217618499012509
10,,2.5032504937458864
11,,0.06031928900592476
