,Unnamed: 0,env_delta,env_max,env_mean,env_std,time
0,0,6.9250400440262245,-32.012604914429225,-32.51998248972797,0.25376816327961593,0.2728344671201814
1,1,4.818789542759447,-34.118855415696004,-35.029268190557936,0.3586074547176639,4.27827664399093
2,2,14.090913828569109,-24.84673112988634,-25.56458561431483,0.27134894550173244,8.283718820861678
3,3,12.02590589373436,-26.91173906472109,-27.40351465304129,0.1770226897668827,12.283356009070294
4,4,16.87788723920128,-22.05975771925417,-22.398026304053264,0.2277501208671588,16.265578231292515
5,5,11.729844355923266,-27.20780060253218,-27.557551137517546,0.12854022599491174,20.20716553287982
6,6,8.462746162157513,-30.474898796297943,-31.64940074017951,0.6128739829541233,24.23582766439909
7,7,6.627134339707299,-32.310510618748154,-32.86889589213594,0.31803238352592045,28.258684807256238
8,8,16.523494180791754,-22.414150777663693,-22.823720130812443,0.2491717436913529,32.246712018140585
