,Unnamed: 0,env_delta,env_max,env_mean,env_std,time
0,0,22.15338608190753,-20.411731400320413,-40.45073212130456,5.4266617959859875,0.1160997732426304
2,2,23.66271794487876,-18.90239953734919,-39.28902587484917,6.569100766510331,16.282993197278913
3,3,18.56001094623688,-24.00510653599107,-34.236016563322586,4.614892581766076,27.051247165532878
