,env_delta,env_max,env_mean,env_std,time
0,8.14148832158,-32.4893362336,-37.3958952944,2.71484905177,4.15637188209
1,10.1859128362,-30.444911719,-35.7915591188,2.7249142127,12.6432653061
2,11.7378740717,-28.8929504834,-33.2925633974,2.37945091338,20.9153741497
3,9.42448489286,-31.2063396623,-35.2005314709,2.16301704238,28.9436734694
4,12.0810624356,-28.5497621196,-31.9846674826,1.78876189241,37.0068027211
5,11.9930918092,-28.6377327459,-31.9664124314,2.05640740873,44.9596371882
6,12.3619466286,-28.2688779266,-30.611625537,1.40416349395,53.4058956916
7,12.5486650442,-28.082159511,-30.1315654615,1.33364877885,61.3993650794
