,Unnamed: 0,time
0,,0.1488146035
1,,3.15486959419
2,,6.51807963329
3,,9.46460878258
4,,12.4111379319
5,,15.0600378742
6,,17.7684636579
7,,20.6554669658
8,,23.3936556702
9,,26.7271027885
10,,29.2271881273
11,,31.8463251489
