,Unnamed: 0,time
0,,24.5441973683
1,,21.2700444574
2,,17.4701151667
3,,12.2123513683
4,,7.24137468608
5,,2.58108404652
