,Unnamed: 0,time
0,,1.95520932387
1,,6.3452076171
2,,10.9811441901
