,Unnamed: 0,env_delta,env_max,env_mean,env_std,time
0,0.0,4.00945602617,-39.5550760037,-41.7416779836,1.24340237335,63.3150113379
1,1.0,2.87669233096,-40.6878396989,-42.6334808013,1.11828144322,73.1254421769
2,2.0,4.0543262557,-39.5102057742,-41.4820066705,1.2458471538,81.7226303855
3,3.0,5.26636637805,-38.2981656518,-41.5337184197,1.57967578167,90.853877551
4,,,,,,1.93207844667
5,,,,,,11.4168271849
6,,,,,,23.6240500979
7,,,,,,33.3722640789
8,,,,,,44.2621607783
9,,,,,,54.4494834971
