,Unnamed: 0,Unnamed: 0.1,env_delta,env_max,env_mean,env_std,time
0,0,0,5.80654046678,-32.2981951401,-38.2992678925,2.30972365814,1.74149659864
1,1,1,13.1375737749,-24.967161832,-32.5773289315,4.39549758984,6.47256235828
2,2,2,12.8183640527,-25.2863715542,-31.5921014639,3.77027313979,10.9714285714
3,3,3,15.7231266004,-22.3816090065,-27.6748384471,2.71902278153,15.4702947846
4,4,4,19.921944827,-18.1827907799,-22.0975043948,2.33918606579,19.9807709751
5,5,5,18.2952407974,-19.8094948095,-25.4838451278,2.13011580149,24.1081179138
6,6,6,16.5752355699,-21.529500037,-29.345738735,4.28264094123,28.3283446712
7,7,7,17.5327067869,-20.57202882,-28.5590668928,4.54969266412,32.5601814059
