,Unnamed: 0,env_delta,env_max,env_mean,env_std,time
0,0.0,19.10604994743301,-24.751754025410534,-39.28985578915936,3.9721568747507416,0.08126984126984127
1,2.0,14.808857244283669,-29.04894672855988,-39.79287433386932,3.911824160563256,12.939319727891155
2,,,,,,23.667535293687365
