,Unnamed: 0,env_delta,env_max,env_mean,env_std,time
0,0,26.1206943104,-15.764108368,-24.6574297908,4.38836731001,0.121904761905
1,1,21.9335208744,-19.951281804,-27.2794480803,3.22375181497,9.46793650794
2,2,16.948710894,-24.9360917844,-40.5987639174,5.06600531736,19.3654421769
3,3,11.97108184,-29.9137208384,-42.2903167747,3.16560236246,25.6638548753
4,4,14.0666293902,-27.8181732882,-40.8058949511,4.75790403262,31.8287528345
