,Unnamed: 0,env_delta,env_max,env_mean,env_std,time
0,0,22.6822487669,-19.1865911878,-26.278962301,8.21708331595,2.67029478458
1,1,21.5341396407,-20.3347003141,-28.9555802412,8.56145479103,9.31700680272
2,2,22.7388074197,-19.1300325351,-25.0484900826,5.79744421937,15.0175056689
3,3,22.9267345607,-18.942105394,-27.5418814693,6.50476202837,20.9502040816
