,Unnamed: 0,time
0,,29.50232243435008
1,,25.572973813181186
2,,21.579209640845583
3,,17.843107673176796
4,,14.171421256674712
5,,10.209864859922464
6,,5.990646258503402
7,,2.029089861751152
