,Unnamed: 0,time
0,,2.37274766537
1,,6.94462731329
2,,11.5165069612
3,,15.9726428206
4,,19.5414096343
