,Unnamed: 0,env_delta,env_max,env_mean,env_std,time
0,0.0,2.9067408420680683,-41.82944512168851,-44.5750042078903,0.4904366361955668,2.113015873015873
1,1.0,3.4473776693478517,-41.28880829440872,-44.58673272889181,0.4655678316675421,7.366530612244897
2,2.0,2.925232203745203,-41.810953760011365,-44.609769123840955,0.4371774505996917,18.5643537414966
3,3.0,5.029342515207155,-39.70684344854942,-44.514691909369176,0.7907296833565571,24.357732426303848
4,4.0,4.317840912774159,-40.418345050982424,-44.456189031701186,0.7608833064801869,29.41968253968254
5,5.0,5.190394952968696,-39.54579101078788,-44.485354198444064,0.6490644801698242,34.69061224489796
6,,,,,,13.106479957574425
