,env_delta,env_max,env_mean,env_std,time
0,3.12332849722,-41.7099532145,-44.8601595514,0.464837936904,6.01977324263
1,8.1369433645,-36.6963383472,-44.3645095239,1.6501862786,28.0903401361
2,8.71648651987,-36.1167951918,-44.5479685659,1.41822349213,35.1840362812
3,3.33323042008,-41.5000512916,-44.7630860124,0.73312967448,38.1329705215
