,Unnamed: 0,env_delta,env_max,env_mean,env_std,time
0,0.0,2.63156981517956,-40.61329511359629,-43.11655031785861,1.2433241172397451,3.0243990929705213
1,1.0,3.748451023432743,-39.49641390534311,-40.849119706586215,1.0913004376854696,14.111927437641725
2,,,,,,24.18608733816107
