,Unnamed: 0,env_delta,env_max,env_mean,env_std,time
0,0,12.0181555952,-31.9573821701,-40.8081183253,2.81456328892,1.82857142857
1,1,14.991619909,-28.9839178564,-39.9415509511,3.89909686512,8.38820861678
2,2,13.0376219922,-30.9379157731,-40.1802886157,3.09515446523,15.3309750567
