,Unnamed: 0,env_delta,env_max,env_mean,env_std,time
0,0.0,4.02804200111,-40.6914437768,-44.2392174667,0.784463704595,2.46131519274
1,1.0,3.00557152869,-41.7139142492,-44.5980970979,0.336768879337,54.9093877551
2,,,,,,7.380098993
3,,,,,,12.3525061159
4,,,,,,17.0632076008
5,,,,,,21.9309324686
6,,,,,,26.6416339535
7,,,,,,31.3523354384
8,,,,,,36.2200603061
9,,,,,,41.1401263014
10,,,,,,45.6938044035
11,,,,,,50.1428002503
