,env_delta,env_max,env_mean,env_std,time
0,4.02804200111,-40.6914437768,-44.2392174667,0.784463704595,2.46131519274
1,3.00557152869,-41.7139142492,-44.5980970979,0.336768879337,54.9093877551
