,env_delta,env_max,env_mean,env_std,time
0,3.3203215905,-41.4696851943,-44.8995376108,0.426013389279,1.77052154195
