,Unnamed: 0,env_delta,env_max,env_mean,env_std,time
0,0,15.866912647428839,-28.498806356227874,-41.1998905423159,3.635165619248588,2.008526077097505
1,1,15.176779704113477,-29.188939299543236,-41.673532190020545,3.0285393637326234,7.134331065759637
2,2,6.4011766647092045,-37.9645423389475,-43.546384207908964,1.417815301637646,12.86965986394558
3,3,4.106723478886323,-40.25899552477039,-44.333711633319766,0.765168295776354,16.793832199546486
4,4,4.661728566548491,-39.703990437108224,-44.2344696399663,0.9204649090160124,20.77605442176871
