,Unnamed: 0,env_delta,env_max,env_mean,env_std,time
0,0.0,4.548577333318804,-38.59194599355737,-39.874230125194174,0.4786234008501495,2.426485260770975
1,1.0,3.643080542088746,-39.497442784787424,-40.67346794544976,0.7240063750403334,7.273650793650794
2,2.0,4.1656471591349336,-38.97487616774124,-39.99491851608575,0.5956936310240424,19.32480725623583
3,3.0,6.400747767249483,-36.739775559626686,-38.197877897724844,1.1372676440610137,24.769886621315194
4,4.0,8.265906594492584,-34.874616732383586,-36.015483314680544,0.6785402028318402,30.917369614512467
5,5.0,4.489680528386606,-38.65084279848956,-39.47362398974093,0.4473114414289744,41.633378684807255
6,,,,,,13.207437275985663
7,,,,,,36.26292882744496
