,Unnamed: 0,env_delta,env_max,env_mean,env_std,time
0,0,18.871670171738568,-25.037022847182524,-42.44891747502084,4.166422678903428,2.29297052154195
2,2,28.28992218160701,-15.618770837314072,-38.70070585044309,7.762940294913364,8.06312925170068
3,3,25.76710804859813,-18.141584970322963,-39.62770077987256,7.125185381017709,14.750476190476189
4,4,25.762008026825146,-18.146684992095942,-39.63708639827123,6.193877549844585,20.78185941043084
5,5,21.301906165601075,-22.606786853320013,-41.716243124520844,5.4779635023656725,26.395283446712018
6,6,24.24620084330807,-19.66249217561301,-39.916789476774284,6.453104426758492,32.6530612244898
