,Unnamed: 0,time
0,,0.0268085728915
1,,2.46638870602
2,,5.14724599517
3,,7.69406041987
4,,10.2408748446
5,,12.9753492795
6,,15.7902494331
7,,18.2298295662
8,,20.6694096994
9,,22.9481383951
10,,25.3072928096
11,,27.6396386512
