,Unnamed: 0,env_delta,env_max,env_mean,env_std,time
0,0,26.549603860387663,-15.186337740797455,-21.72515164448984,5.649997438991629,2.879274376417233
