,Unnamed: 0,env_delta,env_max,env_mean,env_std,time
0,0,26.0396170827763,-15.832233374080985,-24.62182036616725,4.394386444572073,0.1219047619047619
1,1,21.920304508744703,-19.951545948112575,-27.2711379093746,3.2313481077053057,9.467936507936507
2,2,16.779524008626456,-25.092326448230825,-40.58486051978845,5.086347747769271,19.365442176870747
3,3,11.957781674178545,-29.914068782678733,-42.28061133541336,3.175605798913246,25.66385487528345
4,4,14.103508847404854,-27.768341609452424,-40.80086342000865,4.760965333548033,31.82875283446712
