,env_delta,env_max,env_mean,env_std,time
0,4.00945602617,-39.5550760037,-41.7416779836,1.24340237335,63.3150113379
1,2.87669233096,-40.6878396989,-42.6334808013,1.11828144322,73.1254421769
2,4.0543262557,-39.5102057742,-41.4820066705,1.2458471538,81.7226303855
3,5.26636637805,-38.2981656518,-41.5337184197,1.57967578167,90.853877551
