,env_delta,env_max,env_mean,env_std,time
0,7.5610733992,-33.2135291256,-36.8842808525,1.29078062832,0.238004535147
1,8.06285432996,-32.7117481948,-34.4428750803,0.949002349163,4.24344671202
