,env_delta,env_max,env_mean,env_std,time
0,5.33170670925,-29.8549436155,-31.8833392682,1.35974536334,2.04335600907
1,6.15937890229,-29.0272714224,-30.6206822428,1.63930714601,11.8247619048
2,7.7562443605,-27.4304059642,-29.8508020004,1.90800256734,21.3159183673
3,10.9677746132,-24.2188757116,-26.8973085237,3.09805991147,30.9173696145
4,15.8847615578,-19.3018887669,-23.5301993493,3.23100379891,40.565260771
5,10.5720208626,-24.6146294621,-28.7669674966,3.26664455435,50.0157823129
6,10.5693678828,-24.6172824419,-28.0850200504,2.27910019547,59.2050793651
7,9.26121575734,-25.9254345674,-27.1835575489,0.647962862896,68.4234013605
