,Unnamed: 0,env_delta,env_max,env_mean,env_std,time
0,0.0,10.145434351871435,-18.758200351095734,-20.963981446071006,1.842090491328973,0.11029478458049886
1,,,,,,2.4831029185867894
2,,,,,,4.936645088142784
3,,,,,,7.478869504791165
4,,,,,,10.05065467047034
5,,,,,,12.445075341964744
6,,,,,,14.632570770243584
7,,,,,,17.174795186891963
8,,,,,,19.628337356447958
9,,,,,,22.17056177309634
10,,,,,,24.44673944846756
11,,,,,,26.92984236705435
