,Unnamed: 0,env_delta,env_max,env_mean,env_std,time
0,0.0,15.4502827287,-24.9112687375,-36.983677908,4.75307157023,0.11029478458
1,1.0,10.9420178437,-29.4195336225,-36.4657479436,3.57178244248,6.72217687075
2,2.0,11.5984807603,-28.7630707059,-36.3830227392,2.77423403751,13.9029478458
3,3.0,11.9108696503,-28.4506818159,-35.1832509947,3.0973916033,21.0779138322
4,4.0,11.4007539501,-28.9607975161,-35.2021214287,3.65369867214,29.1004081633
5,5.0,9.90345488825,-30.4580965779,-37.8299040652,2.97920889823,43.4793650794
6,,,,,,35.5854850901
7,,,,,,49.8701549915
