,Unnamed: 0,env_delta,env_max,env_mean,env_std,time
0,0.0,4.97560027195,-25.0458755975,-33.1304659367,5.01801326601,0.0638548752834
1,,,,,,2.93595932997
2,,,,,,5.77920415478
3,,,,,,8.7460683198
4,,,,,,11.7129324848
5,,,,,,14.5870821447
6,,,,,,17.3685172994
7,,,,,,20.0572379489
8,,,,,,22.8386731037
9,,,,,,25.8982517738
10,,,,,,28.926925609
11,,,,,,31.9865042791
