,Unnamed: 0,env_delta,env_max,env_mean,env_std,time
0,0.0,7.984802514519303,-35.488099471480155,-43.21080001801307,2.5108176191518567,0.13931972789115646
1,,,,,,2.708744788237876
