,Unnamed: 0,env_delta,env_max,env_mean,env_std,time
0,0.0,3.470500414343362,-40.667878476412724,-42.534742892751744,1.1071002723138792,101.9878458049887
1,,,,,,2.087850193840975
2,,,,,,12.52710116304586
3,,,,,,23.334796284105035
4,,,,,,34.01967668787945
5,,,,,,42.61670689781289
6,,,,,,53.05595786701777
7,,,,,,63.37239411893789
8,,,,,,71.72379489430179
9,,,,,,81.91741642893716
10,,,,,,92.11103796357251
11,,,,,,112.98953990198227
