,Unnamed: 0,env_delta,env_max,env_mean,env_std,time
0,0,18.6572783042,-22.2092805455,-32.9286908616,3.92654203929,0.0754648526077
1,1,20.4571243078,-20.4094345419,-33.5397019833,5.49924707009,9.28798185941
2,2,26.8504246856,-14.0161341641,-36.1121530059,6.92209670587,17.3046712018
3,3,22.4920157101,-18.3745431396,-35.3067890952,6.34646918821,24.8221315193
4,4,19.4922710657,-21.374287784,-33.1111263202,5.06981989048,32.8446258503
