,Unnamed: 0,time
0,,1.17897983566
1,,3.86595713554
2,,6.52551629971
3,,9.18507546388
4,,11.8172164923
5,,14.3945212494
6,,16.8895715992
7,,19.3572038134
8,,21.6054909419
9,,24.0182868846
10,,26.568173506
11,,28.7890424987
