,Unnamed: 0,env_delta,env_max,env_mean,env_std,time
0,0,11.640327265255904,-32.722374728246486,-38.825993218496144,1.8243499608790887,2.9605442176870747
1,1,11.577392772349874,-32.785309221152524,-41.740673511964395,2.02077289035523,11.877006802721088
2,2,3.8093665363377553,-40.55333545716464,-43.954259042067854,0.8962742152489971,19.342222222222226
3,3,5.0543745141976535,-39.308327479304744,-43.59174059997649,0.9791426820045313,25.73931972789116
4,4,3.700992137392177,-40.661709856110214,-43.962679637841184,0.8071191735563257,33.10585034013605
