,Unnamed: 0,env_delta,env_max,env_mean,env_std,time
0,0,7.166168048808607,-37.41557857780644,-44.30890814210373,1.1032728822512428,1.6486167800453515
1,1,10.586687851750867,-33.995058774864184,-43.9250949520856,2.1019642374338963,5.979138321995465
2,2,14.189682905291345,-30.392063721323705,-44.34744058476348,1.7643383886835795,9.955555555555557
3,3,10.363906748024156,-34.21783987859089,-44.175754652789394,1.4937880070472715,13.746213151927435
