,env_delta,env_max,env_mean,env_std,time
0,7.14825285999,-35.9664228507,-41.2143043097,2.39309380937,8.17342403628
1,3.36501114671,-39.749664564,-43.1280521691,1.35778549351,19.5570068027
2,7.3166069769,-35.7980687338,-40.6929706534,2.14337850762,24.5028571429
3,9.04853275788,-34.0661429528,-39.6351776916,2.13866896235,29.7505668934
4,9.43881400162,-33.6758617091,-37.6902673825,1.85705385715,35.3117460317
5,9.18256878438,-33.9321069263,-36.9892546047,1.84397512032,40.7045804989
6,5.38412732136,-37.7305483893,-40.4147753885,1.16618153254,46.0567800454
7,3.19808206576,-39.9165936449,-41.6758426767,0.737664114617,51.7630839002
