,env_delta,env_max,env_mean,env_std,time
0,11.6463940425,-32.7184561252,-38.8445016046,1.82725370646,2.96634920635
1,11.2489736294,-33.1158765384,-41.7594268891,2.00620889274,11.8770068027
2,3.85826831377,-40.506581854,-43.9669793637,0.895682417562,19.3480272109
3,4.9603957379,-39.4044544298,-43.5955767083,0.971950652714,25.7393197279
4,3.90770534832,-40.4571448194,-43.9666563464,0.808553255769,33.1058503401
