,Unnamed: 0,env_delta,env_max,env_mean,env_std,time
0,0.0,13.02742708432935,-31.558492526385542,-43.091285209385575,2.5362992983454165,2.4729251700680277
1,1.0,9.152917124791829,-35.43300248592306,-44.55447857126509,1.456081181582192,8.585578231292518
2,2.0,9.68591247489084,-34.90000713582405,-44.53167984642991,1.5201654414159556,13.502403628117914
3,3.0,5.55738380002142,-39.02853581069347,-44.60502334426171,1.009837770849571,17.554285714285715
4,4.0,12.699313392640471,-31.886606218074423,-44.26564247358567,2.240373730651496,25.007891156462588
5,5.0,15.956489407100165,-28.629430203614724,-43.86536235092482,2.9809631029724746,28.815963718820857
6,6.0,17.390255827949908,-27.195663782764978,-43.94039402226694,3.1639721325069416,32.54857142857143
7,,,,,,21.2487976373345
