,Unnamed: 0,env_delta,env_max,env_mean,env_std,time
0,0,7.371055431656708,-33.391728276216355,-36.85458976158318,1.29224567449732,0.2438095238095238
1,1,8.305059055838129,-32.45772465203493,-34.41103764031965,0.9637967328215856,4.243446712018141
