,env_delta,env_max,env_mean,env_std,time
0,3.5197164703,-40.0724922239,-41.9143764693,0.806788799271,2.12462585034
1,3.21970056234,-40.3725081319,-43.7408383305,1.21095436368,16.6080725624
2,6.11589637267,-37.4763123216,-39.3210219067,0.840546671985,31.2076190476
3,4.77108248926,-38.821126205,-40.5184992385,0.785296525721,36.2927891156
4,5.11269225909,-38.4795164352,-40.277380303,0.973430934334,42.1035827664
5,7.65001155076,-35.9421971435,-38.7042493219,1.73836513959,47.2758276644
6,2.73101766008,-40.8611910342,-41.7884673597,0.434151852626,53.6729251701
