,env_delta,env_max,env_mean,env_std,time
0,13.3741882828,-25.7198685362,-33.9062340059,3.42653821138,1.21324263039
1,18.8137192546,-20.2803375644,-28.6484549844,4.56343136132,10.7392290249
2,18.8612884652,-20.2327683538,-29.0230767134,5.00723506837,16.4571428571
