,Unnamed: 0,env_delta,env_max,env_mean,env_std,time
0,0,26.4338274846,-15.3051736557,-21.6585597961,5.46010927757,2.87346938776
