,Unnamed: 0,Unnamed: 0.1,env_delta,env_max,env_mean,env_std,time
0,0,,,,,,3.77032079259
1,1,,,,,,6.75468347435
2,2,,,,,,9.43149733011
3,3,,,,,,11.1514926162
4,4,,,,,,1.08211623957
