,Unnamed: 0,env_delta,env_max,env_mean,env_std,time
0,0,18.4061392101,-25.9229458174,-42.7534171484,4.21030660273,1.99111111111
1,1,19.3085706501,-25.0205143775,-43.6451387753,2.95344110474,6.63510204082
2,2,22.3146574347,-22.0144275929,-42.8068955409,4.39824382965,11.9350566893
3,3,19.3368966191,-24.9921884085,-43.3312942271,2.88810413779,18.0070748299
4,4,11.1227849502,-33.2063000774,-44.0942035405,1.67062335853,24.1197278912
