,Unnamed: 0,env_delta,env_max,env_mean,env_std,time
0,0,7.310788797797471,-33.760095977934085,-39.529112890313115,2.2161988550017275,2.014331065759637
1,1,6.7583584997168415,-34.312526276014715,-37.121687867723715,1.7313180395519892,11.784126984126985
2,2,7.912572187053982,-33.15831258867757,-36.60287826359106,2.934774627149885,21.46104308390023
3,3,7.916437611694121,-33.154447164037435,-35.07013227593384,1.0467234343237142,31.288888888888888
4,4,3.169952266288732,-37.90093250944283,-40.262657831423205,1.3512254642410306,42.36480725623583
