,Unnamed: 0,Unnamed: 0.1,env_delta,env_max,env_mean,env_std,time
0,0,0.0,6.43861656536,-35.9332129685,-37.9346721295,0.833326728522,0.772063492063
1,1,1.0,6.33480508142,-36.0370244524,-38.6498299278,1.05555039485,3.99383219955
2,2,,,,,,8.31570477653
