,env_delta,env_max,env_mean,env_std,time
0,5.35707976772,-35.1824394161,-38.3015623346,2.05857521724,2.32199546485
1,6.49586453897,-34.0436546448,-35.7843398465,0.883839286659,12.3820408163
2,7.06691306128,-33.4726061225,-35.4057047677,1.38619549942,21.6409977324
