,Unnamed: 0,env_delta,env_max,env_mean,env_std,time
0,0,8.988609570592928,-32.588335011308466,-34.09184219178148,1.1063079772980793,0.2728344671201814
1,1,2.8387450562030447,-38.73819952569835,-39.42331457387996,0.4012263072222168,4.516281179138322
2,2,6.755032496074108,-34.821912085827286,-35.50712223194104,0.3539238302149773,8.388208616780044
3,3,13.301759538456128,-28.27518504344527,-29.545879659088424,0.6448767086121266,12.411065759637186
4,4,12.972158221613519,-28.604786360287875,-30.06463406865348,0.9405072536446232,16.294603174603175
5,5,3.8402584149166543,-37.73668616698475,-38.303260167828064,0.3377992924695434,20.38712018140589
6,6,3.8913570903310974,-37.685587491570296,-38.41318669716342,0.3793515873163083,24.37514739229025
7,7,5.8165407786935654,-35.76040380320783,-37.25667916967139,1.1386265342293664,28.456054421768712
8,8,13.02536457726913,-28.551580004632267,-29.55375241173907,1.8079442939430743,32.380226757369606
