,Unnamed: 0,env_delta,env_max,env_mean,env_std,time
0,0,25.73077896889553,-15.07069887419965,-19.340189176351334,1.7005800316463768,4.249251700680272
1,1,24.89802689870201,-15.903450944393173,-20.621154722661327,2.8736575373133078,12.033741496598639
2,2,27.39979654497877,-13.4016812981164,-18.769244882706968,2.444404397473944,18.94167800453515
3,3,20.475366148174526,-20.326111694920648,-23.501184036658906,1.5612619747422638,25.43746031746032
4,4,17.976521055782925,-22.82495678731225,-25.369132388284488,1.52128802488623,31.89260770975057
5,5,20.949082401285544,-19.852395441809637,-24.97687707078313,3.378406776401542,38.62639455782313
6,6,21.565481074651604,-19.235996768443577,-21.890773936079768,2.1400453627190115,44.30367346938775
