,Unnamed: 0,env_delta,env_max,env_mean,env_std,time
0,0,25.4458474215,-15.3609104354,-19.3545120929,1.68707959125,4.24925170068
1,1,24.6747361929,-16.132021664,-20.6811077704,2.86864744221,12.0337414966
2,2,27.366891228,-13.439866629,-18.8160267311,2.44439056281,18.9416780045
3,3,20.3764930475,-20.4302648094,-23.5136296644,1.51867240913,25.4374603175
4,4,18.0535413944,-22.7532164625,-25.3906453335,1.53109080668,31.8926077098
5,5,20.7964706562,-20.0102872007,-24.9847761211,3.37501956096,38.6263945578
6,6,21.3399914213,-19.4667664356,-21.9200283006,2.12654960446,44.3036734694
