,Unnamed: 0,env_delta,env_max,env_mean,env_std,time
0,0.0,4.939381400756737,-38.09433725351885,-40.27475543289509,1.4821237048668048,25.76834467120181
1,1.0,3.334361160618087,-39.6993574936575,-42.282700677842215,1.8250938170322333,46.811428571428564
2,2.0,5.972626595439429,-37.06109205883615,-40.11884519718581,1.602678407939162,57.20816326530612
3,3.0,2.6929953543342364,-40.34072329994135,-42.18038077300249,1.2503390564007828,78.20480725623581
4,,,,,,2.3549210006583294
5,,,,,,13.34455233706386
6,,,,,,36.10878867676102
7,,,,,,67.071638870602
