,Unnamed: 0,env_delta,env_max,env_mean,env_std,time
0,0.0,3.62729323052,-40.226739391,-43.4334561749,1.502851521,4.31891156463
1,1.0,4.70592555762,-39.1481070639,-42.9346500611,1.77881265364,8.34757369615
2,2.0,5.09558146587,-38.7584511556,-42.5045184764,1.81617765077,12.335600907
3,3.0,5.15486058816,-38.6991720333,-42.4991776716,1.85719776275,16.4107029478
4,4.0,5.34450937986,-38.5095232416,-42.1945082614,1.9338715917,20.2478004535
5,5.0,5.71985957131,-38.1341730502,-42.0760091533,2.02687234748,24.259047619
6,6.0,5.0463100752,-38.8077225463,-42.2029905787,1.78023426573,28.2238548753
7,,,,,,0.274262632174
