,Unnamed: 0,env_delta,env_max,env_mean,env_std,time
0,,,,,,1.391558774047253
1,,,,,,5.350303562285128
2,,,,,,9.584960866066856
