,env_delta,env_max,env_mean,env_std,time
0,7.54944616406,-36.7284109418,-44.2361703923,1.00282472391,0.89977324263
