,Unnamed: 0,env_delta,env_max,env_mean,env_std,time
0,0.0,8.967158109128455,-34.073238789761426,-39.24597121465982,1.8411729659582128,1.8575963718820865
2,,,,,,9.110292773023188
3,,,,,,15.23518305171531
