,Unnamed: 0,env_delta,env_max,env_mean,env_std,time
0,0,9.194616170793328,-23.078627668541607,-25.017940353633488,4.317066612652628,1.248072562358277
1,1,11.044029254487471,-21.22921458484747,-23.27788599218845,0.6521384315230527,3.5758730158730163
2,2,9.114886341103931,-23.158357498231005,-24.63191588864008,3.289060514648879,6.025578231292517
3,3,8.07245735083357,-24.20078648850137,-26.068169613327765,2.703102923966098,8.33015873015873
4,4,8.11445841042535,-24.15878542890959,-25.254815045862433,1.027900681587282,10.791473922902494
5,5,9.513825949023516,-22.759417890311425,-25.09425789214412,1.8821755472768515,13.305034013605445
6,6,10.777102633656359,-21.496141205678576,-22.386376570583728,0.3079695459047902,16.068208616780044
7,7,10.360553516486123,-21.91269032284881,-22.57834109659195,0.3324515067307122,18.593378684807252
8,8,6.436016486649122,-25.837227352685808,-26.88804763857377,0.9112650767763832,21.478458049886626
