,Unnamed: 0,env_delta,env_max,env_mean,env_std,time
0,0.0,6.451882186002699,-35.91323303792411,-37.915360945109065,0.8243015872933751,0.7720634920634921
1,1.0,6.268438373212774,-36.09667685071403,-38.626651814990296,1.055178992282612,3.993832199546485
2,,,,,,8.342495062541145
