,env_delta,env_max,env_mean,env_std,time
0,5.14431892332,-37.6042176399,-40.0286045098,0.785728812985,0.145124716553
1,6.08834785777,-36.6601887054,-39.8135095587,1.05306485576,3.45396825397
