,env_delta,env_max,env_mean,env_std,time
0,2.53114238547,-41.1748609777,-43.333758406,0.727577178176,2.93151927438
1,2.88333729549,-40.8226660677,-42.4378736816,0.745510650826,12.353015873
