,Unnamed: 0,env_delta,env_max,env_mean,env_std,time
0,0,17.3990242643,-24.6924963312,-29.7962550177,4.28868520469,1.86920634921
1,1,20.1868880836,-21.9046325118,-26.3296554106,4.29083771497,8.2779138322
2,2,15.3818027384,-26.7097178571,-31.9406108352,5.04643944274,15.2787301587
