,Unnamed: 0,env_delta,env_max,env_mean,env_std,time
0,0,24.48574439895721,-19.638516358421914,-37.54448037339617,6.651529271815537,2.9953741496598636
1,1,19.733875267842347,-24.390385489536783,-41.74785050538422,5.210716921738738,10.338684807256236
2,2,22.671041058570353,-21.453219698808773,-41.53256046836476,5.646174601530893,16.416507936507937
3,3,22.699015572083198,-21.425245185295925,-41.973306542607226,5.256374668112562,22.076371882086168
4,4,21.93341988356549,-22.19084087381363,-42.17709370577284,4.462681716427538,27.933605442176873
