,Unnamed: 0,env_delta,env_max,env_mean,env_std,time
0,0,10.717753739,-17.1835318476,-23.2269412011,3.48887799284,0.43537414966
