,Unnamed: 0,env_delta,env_max,env_mean,env_std,time
0,0,8.442972692969555,-32.12133292146797,-36.90972107969368,2.5671190154537777,4.156371882086168
1,1,10.562915047107381,-30.00139056733015,-35.47958461620881,2.5883151828595565,12.637460317460315
2,2,12.721866777502381,-27.84243883693515,-33.305744474526136,2.4410537917690345,20.91537414965986
3,3,10.079189758268187,-30.485115856169337,-35.03102454003609,2.161788653551844,28.937868480725626
4,4,12.61489912561239,-27.94940648882514,-31.965169615838914,1.8413910356109657,37.00680272108843
5,5,12.815650188440227,-27.748655425997306,-31.916940703415342,2.067058857939816,44.95963718820862
6,6,13.222199953120858,-27.342105661316673,-30.585418003493594,1.4948438508260002,53.40009070294784
7,7,13.48420408899234,-27.08010152544519,-30.15404929869505,1.3904962791263429,61.39936507936508
