,Unnamed: 0,env_delta,env_max,env_mean,env_std,time
0,0,16.72367832638784,-14.294156103652586,-15.178629750678672,0.779596072349635,2.8676643990929707
1,1,18.177752908266854,-12.840081521773564,-13.589005165290825,0.4852020640677794,11.99891156462585
2,2,19.425443727130656,-11.592390702909766,-12.301055078383492,0.4259554101484837,20.990839002267574
