,env_delta,env_max,env_mean,env_std,time
0,3.37364490267,-34.485044836,-35.8997709281,1.04702473193,13.7346031746
1,3.50595996896,-34.3527297697,-35.1865851382,0.75677170217,16.5500226757
2,3.43193582367,-34.426753915,-35.5104268415,1.09050437404,19.4292970522
3,5.95573903919,-31.9029506995,-33.1727562934,1.16802537203,22.4769160998
4,3.79770882783,-34.0609809108,-34.7745189624,0.83294388323,25.4955102041
5,7.19775981144,-30.6609299272,-33.1992297542,1.43998559833,28.3805895692
6,7.33145952901,-30.5272302096,-31.5110722736,0.937450136809,31.2482539683
7,8.14979020745,-29.7088995312,-30.431842359,0.467653523443,34.3307029478
