,env_delta,env_max,env_mean,env_std,time
0,5.95198002085,-38.5281659679,-44.235749163,1.26842145017,8.93387755102
1,4.60434773556,-39.8757982532,-44.5124781897,0.833283056491,13.5024036281
2,9.24262357754,-35.2375224112,-43.912434282,1.8420702403,17.3511111111
3,6.68020853479,-37.799937454,-44.1591935189,1.28270537816,20.909569161
4,15.3397823411,-29.1403636477,-43.6207692011,2.81439204711,29.0887981859
