,env_delta,env_max,env_mean,env_std,time
0,2.86189573171,-38.9270877376,-39.9886632736,0.743017347492,1.4570521542
1,3.0564580332,-38.7325254361,-39.2816807699,0.378045094833,4.12734693878
2,2.58731776258,-39.2016657067,-39.4723395449,0.129016641908,11.8073469388
