,env_delta,env_max,env_mean,env_std,time
0,8.4645304731,-35.8779588156,-43.294780377,1.55527067401,5.90947845805
1,9.20770304583,-35.1347862429,-42.8336849157,1.72555777553,10.0194104308
2,5.8962471738,-38.4462421149,-44.0718835446,1.07035609899,17.5717006803
3,3.77636874343,-40.5661205452,-44.1785796585,0.739117463703,20.8282993197
4,9.28565412023,-35.0568351685,-43.488946495,1.79701246581,24.1835827664
5,8.75788340006,-35.5846058886,-43.850285694,1.48493007342,27.6143310658
6,6.79726895215,-37.5452203365,-44.2000193678,0.93993566552,34.6731972789
