,env_delta,env_max,env_mean,env_std,time
0,15.9014123351,-28.4637764983,-41.2649312174,3.57318192925,2.01433106576
1,15.4205022353,-28.9446865981,-41.6788234742,3.02743113326,7.13433106576
2,6.5017789411,-37.8634098923,-43.5935840863,1.37659530392,12.8812698413
3,4.16625909506,-40.1989297384,-44.3706447034,0.711856609427,16.8054421769
4,4.75531260663,-39.6098762268,-44.2326384805,0.92610505651,20.7760544218
