,env_delta,env_max,env_mean,env_std,time
0,24.4876936168,-19.6388700591,-37.5594478286,6.6462012891,2.99537414966
1,19.7710147143,-24.3555489616,-41.7610086376,5.19293728962,10.3386848073
2,22.5976265188,-21.5289371571,-41.5420698876,5.63415498259,16.4165079365
3,22.5489606704,-21.5776030055,-41.9792045118,5.24513744838,22.0763718821
4,21.9079377777,-22.2186258982,-42.1874247044,4.45653060298,27.9336054422
