,env_delta,env_max,env_mean,env_std,time
0,4.17869614378,-40.5475083006,-44.6122769508,0.79614453715,31.1205442177
