,Unnamed: 0,env_delta,env_max,env_mean,env_std,time
0,0,14.509537258173587,-29.24193587301808,-38.666673857343866,2.704325025073257,0.4760090702947846
2,2,14.312951134811744,-29.438521996379922,-40.382595898523725,3.2062036329073558,7.0704761904761915
3,3,13.873455446697125,-29.878017684494537,-41.30652579566982,3.3212192423065785,12.591020408163267
4,4,19.728493454704513,-24.02297967648716,-41.72149750260217,3.649345131606793,16.294603174603175
5,5,18.503687672985198,-25.24778545820647,-41.68298151070393,3.1784048075277505,20.857324263038553
6,6,11.772264656968705,-31.97920847422296,-42.70028641151738,2.6015934185291263,27.759455782312934
7,7,15.738425733773296,-28.01304739741837,-41.86338772344553,3.116048191472111,32.792380952380945
8,8,20.85146208087928,-22.900011050312386,-41.93125792521898,4.1696064026964885,38.10394557823129
