,Unnamed: 0,env_delta,env_max,env_mean,env_std,time
0,0.0,12.3033200924,-27.6055180912,-36.1509306427,3.66251117338,0.104489795918
1,2.0,9.57835093896,-30.3304872446,-38.508728457,4.30854573408,22.8252154195
2,,,,,,5.01958728533
3,,,,,,10.8140101919
4,,,,,,32.6441616073
5,,,,,,28.0288363852
6,,,,,,16.3389250563
