,env_delta,env_max,env_mean,env_std,time
0,4.39585110236,-38.7488758008,-39.8815292631,0.467808603788,2.43229024943
1,3.59269858715,-39.552028316,-40.704654088,0.731191665344,7.26784580499
2,4.15636977186,-38.9883571313,-40.0051806617,0.597774150742,19.3248072562
3,6.34687445685,-36.7978524463,-38.2388551398,1.15368724544,24.7640816327
4,8.16432710943,-34.9803997937,-36.0568665551,0.702575727392,30.9115646259
5,4.42717926663,-38.7175476365,-39.4688400343,0.421536510277,41.6391836735
