,Unnamed: 0,env_delta,env_max,env_mean,env_std,time
0,0,23.5156087817,-20.5790448972,-40.4422481824,6.08139655545,2.24653061224
1,1,24.6866496488,-19.4080040301,-42.9511852937,4.90003799722,6.98340136054
2,2,20.1009175889,-23.99373609,-43.0643923903,3.94000300252,11.528707483
