,Unnamed: 0,env_delta,env_max,env_mean,env_std,time
0,0,3.4540413294668824,-21.096933017059413,-21.50863454910348,0.2687737649182372,0.1219047619047619
1,1,4.6877597622533065,-19.863214584272992,-20.56347808983585,0.3713041654309656,2.6354648526077096
2,2,4.966057058846495,-19.584917287679804,-20.34130322841923,0.3795716940475789,4.922630385487529
3,3,3.876167613703689,-20.67480673282261,-22.08050155508794,0.426248354711122,7.2156009070294775
4,4,4.397974363762426,-20.152999982763873,-23.197429350264873,1.0020092943950658,9.531791383219957
5,5,4.744172364886019,-19.80680198164028,-23.42790390289647,1.5159468739719582,11.935056689342403
