,Unnamed: 0,env_delta,env_max,env_mean,env_std,time
0,0.0,10.9320831318,-31.2981810558,-41.8906430751,3.97615765132,0.139319727891
1,,,,,,3.07841416136
