,Unnamed: 0,env_delta,env_max,env_mean,env_std,time
0,0.0,9.931158396643339,-34.91562553659426,-44.5463885314895,1.3576746028652795,2.3568253968253967
1,1.0,10.841263663294184,-34.005520269943425,-44.340608239027354,1.6996936402819034,7.2214058956916105
2,,,,,,11.850065832784727
3,,,,,,16.643350888742596
4,,,,,,21.17034233048058
5,,,,,,25.652951503181917
6,,,,,,30.579383366249722
7,,,,,,35.86087338161071
8,,,,,,40.2103357472021
