,Unnamed: 0,Unnamed: 0.1,env_delta,env_max,env_mean,env_std,time
0,0,,,,,,0.784873089021
1,1,,,,,,3.06732011801
2,2,,,,,,5.349767147
3,3,,,,,,7.60514958672
4,4,,,,,,9.22902494331
