,env_delta,env_max,env_mean,env_std,time
0,6.94828173116,-19.8571543796,-24.3873364455,7.72169203472,0.307664399093
