,env_delta,env_max,env_mean,env_std,time
0,5.81261730068,-38.9162429238,-44.25837261,1.30692844584,1.3641723356
1,9.47481010519,-35.2540501193,-44.4072847383,1.63133456023,8.98612244898
