,Unnamed: 0,time
0,,6.001481237656353
1,,0.025647355716480025
