,Unnamed: 0,Unnamed: 0.1,env_delta,env_max,env_mean,env_std,time
0,0,0.0,4.44036523705,-36.7488430706,-41.3931880907,1.82317313663,4.70784580499
1,1,1.0,7.78786922131,-33.4013390863,-38.4129698563,2.80342189722,9.9033106576
2,2,2.0,9.64348092924,-31.5457273784,-36.0995661282,2.2593187095,14.4370068027
3,3,3.0,11.1370982953,-30.0521100123,-34.3536359227,1.79183937026,18.5701587302
4,4,4.0,9.17253919989,-32.0166691078,-35.9680423616,1.61754947248,22.9355102041
5,5,5.0,9.18107865173,-32.0081296559,-38.1296472224,3.36900847078,27.3647165533
6,8,8.0,7.64847002482,-33.5407382828,-39.8962795944,2.34910219139,31.6952380952
7,13,,,,,,0.636708685864
