,env_delta,env_max,env_mean,env_std,time
0,5.92295773857,-38.6600177807,-44.362394864,0.979754397022,1.66022675737
1,10.6713333115,-33.9116422078,-43.9310988345,2.08581379916,5.979138322
2,14.0781966245,-30.5047788947,-44.3518080721,1.75547127852,9.95555555556
3,10.4302977742,-34.1526777451,-44.1793031032,1.49925798489,13.7462131519
