,Unnamed: 0,env_delta,env_max,env_mean,env_std,time
0,0,15.4256662663,-14.7437166346,-15.4436776133,0.472187160422,3.96480725624
1,1,17.4372447301,-12.7321381707,-13.4948447858,0.515161000981,13.7346031746
2,2,18.0195295497,-12.1498533512,-13.0849960241,0.449798464804,22.4188662132
