,Unnamed: 0,time
0,,2.141942798624826
1,,5.732846902201741
2,,9.386749323385267
3,,13.544638285421694
