,Unnamed: 0,env_delta,env_max,env_mean,env_std,time
0,0,11.300541665926694,-29.977268479694363,-38.42609332622292,3.758037430855989,0.07546485260770976
1,1,14.581512805841436,-26.696297339779612,-36.09208927334244,4.467021856156734,6.397097505668933
