,env_delta,env_max,env_mean,env_std,time
0,19.4053686146,-21.9981229524,-29.9661308086,3.5172317387,7.26784580499
1,12.3019378563,-29.1015537106,-39.8453957398,2.8458688458,8.45786848073
2,11.8105119871,-29.5929795798,-38.5823311481,3.57621233273,22.8600453515
3,11.622148265,-29.781343302,-37.4193463179,2.99112296539,28.7811337868
4,10.9242253804,-30.4792661865,-35.5616961191,2.44001639376,38.1271655329
5,11.1426543335,-30.2608372334,-38.6075807406,2.89694696934,44.5997278912
