,Unnamed: 0,env_delta,env_max,env_mean,env_std,time
0,0.0,12.389274026278407,-27.48998744782593,-36.11641727227179,3.6692544178930975,0.10448979591836736
1,1.0,9.760149358745943,-30.11911211535839,-36.58057893538085,4.128594994995353,16.62548752834467
2,2.0,9.62358107307804,-30.255680401026286,-39.43669475859157,4.192681879979271,22.941315192743765
3,3.0,13.788900840548868,-26.090360633555466,-36.16304591175796,5.045570193254072,28.136780045351475
4,,,,,,4.8890443274083815
5,,,,,,10.801377002413867
6,,,,,,32.59362884938922
