,Unnamed: 0,env_delta,env_max,env_mean,env_std,time
0,0,3.41857772698,-21.1770862922,-21.562758046,0.25894589492,0.121904761905
1,1,4.66236135008,-19.9333026691,-20.6148339813,0.36684367567,2.63546485261
2,2,4.94078523314,-19.6548787861,-20.3882847815,0.372857619318,4.92263038549
3,3,3.85437124156,-20.7412927777,-22.1264204665,0.418036898991,7.21560090703
4,4,4.39663199966,-20.1990320196,-23.2441657385,0.99546522361,9.53179138322
5,5,4.75932798289,-19.8363360363,-23.4516868837,1.5278475162,11.9292517007
