,Unnamed: 0,env_delta,env_max,env_mean,env_std,time
0,0,5.78781080636,-33.27936068,-33.6359779434,0.279954491824,0.336689342404
1,1,6.05173583607,-33.0154356503,-33.705012203,0.392216586385,4.31891156463
2,2,12.4688048406,-26.5983666457,-27.1211498863,0.214744664221,8.37079365079
3,3,13.6174825608,-25.4496889256,-25.9544130181,0.463247094957,12.3936507937
4,4,12.9367062716,-26.1304652147,-26.5458705907,0.408174267209,16.3990929705
5,5,12.209758632,-26.8574128543,-28.2028216148,1.01230738952,20.3639002268
6,6,7.08181089235,-31.985360594,-32.851907788,0.311875565868,24.3229024943
7,7,3.98165864945,-35.0855128369,-35.7589954323,0.327961828639,28.2644897959
8,8,14.0613910199,-25.0057804664,-25.7610121279,0.43435770566,32.4440816327
