,Unnamed: 0,env_delta,env_max,env_mean,env_std,time
0,0,4.213970742443493,-34.931794481804296,-39.81899240768689,1.99078045090156,0.7778684807256235
1,1,8.098774820299425,-31.046990403948364,-37.594652528579395,3.240020639627545,5.073560090702948
2,2,10.031429064993432,-29.11433615925436,-34.822376543953865,3.4179404415011296,9.462131519274376
3,3,13.715994247254644,-25.429770976993147,-31.04744465496563,2.5580577142734966,13.79265306122449
4,4,14.680504776238509,-24.465260448009282,-30.003661637630852,2.676914700561734,17.867755102040814
5,5,11.536480063255516,-27.60928516099227,-32.392789914048606,1.9787405230188824,22.02993197278911
6,6,11.871326683465275,-27.27443854078252,-34.83943748928353,3.8726363570833366,26.0237641723356
7,7,14.961658446790553,-24.184106777457238,-32.70519083997141,4.3943471908815495,29.704126984126983
