,Unnamed: 0,Unnamed: 0.1,env_delta,env_max,env_mean,env_std,time
0,0,,,,,,26.7471370866
1,1,,,,,,23.1727744861
2,2,,,,,,30.9273238567
3,3,,,,,,19.1440437585
4,4,,,,,,14.2974504019
5,5,,,,,,9.87493396403
6,6,,,,,,5.78562081941
7,7,,,,,,1.60543404937
