,env_delta,env_max,env_mean,env_std,time
0,27.3043570734,-15.9839481194,-32.516670983,6.31899123184,2.18848072562
1,24.3755461248,-18.912759068,-39.1773737864,4.93395223363,7.8947845805
2,24.4129851672,-18.8753200255,-39.0141634477,4.76015629086,12.9219047619
3,13.9463168312,-29.3419883616,-39.9414928242,3.2021829713,18.2044444444
4,14.8650074272,-28.4232977655,-40.9347365951,2.90338727922,23.0806349206
