,Unnamed: 0,env_delta,env_max,env_mean,env_std,time
0,0,9.253504176029828,-32.538649413218224,-36.99854385587121,2.2944777909410323,1.9040362811791385
1,1,6.4731093771044925,-35.31904421214357,-37.94743011063125,1.5656785374743405,9.096417233560091
