,Unnamed: 0,env_delta,env_max,env_mean,env_std,time
0,0.0,5.20430233307,-35.0009694194,-36.009678376,0.758992490744,1.35836734694
1,1.0,3.89479131509,-36.3104804374,-37.0923598694,0.519522264683,3.99383219955
2,2.0,2.65179001455,-37.5534817379,-38.1524745917,0.222618024748,6.75700680272
3,3.0,3.6270296308,-36.5782421217,-37.6066195319,0.371541870837,12.3007709751
4,,,,,,9.54875689822
