,Unnamed: 0,env_delta,env_max,env_mean,env_std,time
0,,,,,,26.7168458781362
1,,,,,,30.908391851364204
2,,,,,,23.1386968766001
3,,,,,,19.185694170141176
4,,,,,,14.244440787067514
5,,,,,,9.88250676614732
6,,,,,,5.793193621534635
7,,,,,,1.6698028673835124
