,env_delta,env_max,env_mean,env_std,time
0,10.3140988507,-34.0213008568,-39.9669529178,2.69504778328,1.71247165533
1,8.21344416425,-36.1219555432,-43.3979580603,1.85297237219,9.33442176871
2,5.83745123715,-38.4979484703,-43.6210520353,1.38908341184,15.325170068
