,Unnamed: 0,Unnamed: 0.1,env_delta,env_max,env_mean,env_std,time
0,0,0.0,26.1663235398,-17.6732137891,-35.1380639002,6.47667032773,1.94467120181
1,1,2.0,15.5423273718,-28.2972099572,-41.3579585335,2.99271444188,12.5736054422
2,2,3.0,10.6081109697,-33.2314263593,-42.7410975526,2.2393383125,17.6529705215
3,3,4.0,6.70321344656,-37.1363238824,-43.5251204381,1.37442991018,21.9951020408
4,4,,,,,,7.54627394566
