,env_delta,env_max,env_mean,env_std,time
0,17.9842635593,-6.3848908696,-15.505130091,6.28339234278,0.580498866213
1,14.9795150872,-9.38963934176,-13.1896026571,1.57537723883,3.48879818594
