,Unnamed: 0,env_delta,env_max,env_mean,env_std,time
0,0,23.38029456910606,-21.091874568323,-43.76710554962412,3.4625133273871804,2.078185941043084
1,1,8.802730569844861,-35.669438567584194,-44.19717577837715,1.3367114853654618,6.820861678004535
