,Unnamed: 0,env_delta,env_max,env_mean,env_std,time
0,,,,,,8.060383293102188
1,,,,,,14.878584229390682
2,,,,,,20.923871699217322
3,,,,,,2.2083241898910106
