,Unnamed: 0,env_delta,env_max,env_mean,env_std,time
0,0,17.88474071324549,-6.470704905293113,-15.487391447049852,6.294228174888105,0.5804988662131519
1,1,15.022042835172597,-9.333402783366008,-13.166009254339748,1.5820548173296576,3.488798185941043
