,Unnamed: 0,env_delta,env_max,env_mean,env_std,time
0,0.0,12.7292171404,-27.8919673561,-37.200544572,3.99114636369,0.174149659864
1,1.0,13.2061175951,-27.4150669014,-37.2137799516,3.46163152722,14.4195918367
2,2.0,13.372514635,-27.2486698615,-36.7368070881,4.19188448183,43.4329251701
3,,,,,,6.22448166841
4,,,,,,21.3797413828
5,,,,,,28.0778249173
6,,,,,,36.3320288689
7,,,,,,48.4427051585
8,,,,,,54.5318720081
9,,,,,,60.215094401
10,,,,,,65.2894001089
11,,,,,,70.3637058169
