,Unnamed: 0,env_delta,env_max,env_mean,env_std,time
0,0,17.21937679651263,-16.241680922830195,-17.1320760571943,0.5101258837931014,3.674557823129252
1,1,16.54682884319882,-16.914228876144005,-17.676023577738267,0.36476116446509504,13.40371882086168
2,2,17.60235768830621,-15.858700031036612,-17.285673485351268,0.5306003898169085,23.89333333333333
