,Unnamed: 0,time
0,,0.251668170255
1,,2.39084761742
2,,4.68102796674
3,,6.76987377986
4,,9.33688911646
5,,11.9542380871
6,,14.3954193386
7,,16.9624346752
8,,19.3784491096
9,,21.6434626419
10,,24.1098107104
11,,26.2993237916
