,Unnamed: 0,env_delta,env_max,env_mean,env_std,time
0,0.0,2.57224272283,-41.3620225359,-43.6839535981,0.685446568572,1.97369614512
1,1.0,3.88432338922,-40.0499418695,-42.113883527,0.913954222686,10.652154195
2,2.0,3.54479325756,-40.3894720012,-42.1602060587,0.905510463958,84.3348752834
3,,,,,,18.435008412
4,,,,,,26.4644787425
5,,,,,,35.1494160388
6,,,,,,43.2608197401
7,,,,,,51.6999569242
8,,,,,,60.3029608498
9,,,,,,68.0866310682
10,,,,,,76.3619015109
