,env_delta,env_max,env_mean,env_std,time
0,17.5629013907,-23.9526310407,-27.2750018895,3.11173672901,2.7747845805
1,15.9065698543,-25.6089625771,-29.0445224727,3.12838046648,9.37505668934
2,12.7964611404,-28.719071291,-32.3161464531,3.73069026375,16.0159637188
3,15.2678345532,-26.2476978782,-29.6798765622,3.65044125366,22.4827210884
4,13.616278512,-27.8992539194,-31.2935358189,2.9767758493,29.2223129252
