,Unnamed: 0,env_delta,env_max,env_mean,env_std,time
0,0,2.538525305652911,-41.28936556275469,-43.95296277445068,1.1213213394770611,0.5050340136054422
1,1,3.7530762626254974,-40.0748146057821,-43.38254379342538,1.4691653505904108,4.295691609977324
2,2,4.781641715413585,-39.046249152994015,-42.83628510989722,1.7324791216952649,8.353378684807256
3,3,5.351323554940862,-38.476567313466745,-42.426173223837644,1.7821582255716162,12.329795918367347
4,4,5.3998864442312415,-38.42800442417636,-42.44035522647291,1.8448994042750868,16.404897959183675
5,5,5.587815602551942,-38.24007526585566,-42.10107856933808,1.922047631878504,20.28843537414966
6,6,5.759013028288712,-38.06887784011889,-42.03542051964943,2.003377411710832,24.25324263038549
7,7,5.164167556003144,-38.663723312404464,-42.15026063989489,1.7669267658135166,28.22385487528345
