,Unnamed: 0,env_delta,env_max,env_mean,env_std,time
0,0,17.44779800745239,-25.647673817522673,-34.74065704343333,4.380994434901732,1.8517913832199544
1,1,20.33986762041031,-22.75560420456475,-34.90354015455875,4.477743923698148,9.949750566893425
2,2,24.101785968705336,-18.993685856269728,-36.025714176132915,5.616855240944639,16.137868480725622
