,Unnamed: 0,env_delta,env_max,env_mean,env_std,time
0,0,3.967916238443564,-39.16589726299121,-41.39166856166927,0.4548852268759015,1.64281179138322
1,1,4.391561706088957,-38.74225179534581,-39.921537974216825,0.32077157866090955,6.9950113378684815
2,2,5.642303844885228,-37.491509656549546,-39.053309061991584,0.5796540452865382,12.602630385487528
