,env_delta,env_max,env_mean,env_std,time
0,4.70724208816,-18.4587802597,-21.452649516,1.747127708,0.133514739229
