,env_delta,env_max,env_mean,env_std,time
0,13.9597819994,-25.6958319023,-35.6860811831,3.25252717923,1.3641723356
1,12.3378721633,-27.3177417384,-37.1980594963,3.64559547967,2.33941043084
2,13.8423013037,-25.813312598,-35.8190604688,4.58006128567,26.029569161
3,13.4282434047,-26.227370497,-35.8072858103,3.41362720771,35.375600907
4,11.024071836,-28.6315420657,-37.4341441943,2.85891374039,44.396553288
5,10.4600484761,-29.1955654256,-37.9124529102,3.96984590251,51.4670294785
6,14.1335212974,-25.5220926042,-37.5984349536,4.58050376294,59.5069387755
7,11.7253176483,-27.9302962534,-39.4969947027,4.00836019303,75.8015419501
