,Unnamed: 0,env_delta,env_max,env_mean,env_std,time
0,0.0,9.49641945942,-33.7159991891,-36.9398688119,2.23171486847,2.32199546485
1,1.0,3.97858921016,-39.2338294383,-42.1668582871,1.43801911673,24.8569614512
2,2.0,7.39772755092,-35.8146910976,-39.3964995821,1.98775653285,35.6426303855
3,,,,,,45.6566617089
4,,,,,,57.5020928324
5,,,,,,12.4204520518
