,Unnamed: 0,env_delta,env_max,env_mean,env_std,time
0,0,11.655613447875151,-29.171549260488323,-34.955104554817304,2.1810962367341795,1.7124716553287982
1,1,14.336885454864063,-26.490277253499414,-35.22183451309075,4.242913195764647,9.560816326530613
2,2,15.28656551287532,-25.540597195488157,-32.78945919752643,4.259635593689795,14.70984126984127
