,env_delta,env_max,env_mean,env_std,time
0,3.36168572448,-36.5455687126,-38.5222637684,1.13879688393,2.64126984127
1,6.43495173586,-33.4723027012,-35.3713113943,1.54369728932,12.4749206349
2,6.78621916091,-33.1210352762,-36.442372148,2.41588389321,22.6742857143
