,Unnamed: 0,time
0,,2.03266850348
1,,6.09800551045
2,,10.1633425174
3,,14.2000503905
4,,17.9504669251
5,,21.643625192
6,,25.4799291282
7,,29.4307495997
