,Unnamed: 0,time
0,,1.202970704410797
1,,3.917366140004389
2,,6.539225367566382
3,,9.191929997805577
4,,11.78294382269037
5,,14.46649385560676
6,,16.810744459073955
7,,19.30922207592715
8,,21.65347267939434
9,,23.936032477507137
10,,26.49620089971473
11,,28.71706989247312
