,env_delta,env_max,env_mean,env_std,time
0,10.7772736474,-27.4330837646,-30.9778185556,2.21216287171,0.702403628118
1,8.62117331683,-29.5891840952,-32.1370420501,1.23716802142,3.72680272109
2,8.82161440073,-29.3887430112,-32.651595382,1.75929292524,6.69315192744
