,env_delta,env_max,env_mean,env_std,time
0,12.0030040252,-31.5585056014,-43.042999229,2.58690080522,1.15519274376
1,10.4726509206,-33.0888587059,-42.8700535204,2.27407003634,3.86031746032
2,13.2647383735,-30.296771253,-42.0862220015,2.9785340903,6.8673015873
3,9.02230310104,-34.5392065255,-43.4342043326,1.9172319802,9.54340136054
4,11.9886802314,-31.5728293951,-42.7393484284,3.28135939868,11.2036281179
