,Unnamed: 0,env_delta,env_max,env_mean,env_std,time
0,0.0,12.429198634864006,-27.644584650576483,-35.98512061525066,3.8693047109236423,7.238820861678004
1,1.0,13.297973983749426,-26.77580930169106,-36.525408417434846,4.2246221148026075,13.455963718820861
2,2.0,26.98529928587205,-13.088483999568432,-33.13991627072002,7.459081817808973,20.102675736961448
3,3.0,15.31719673471077,-24.756586550729715,-35.809714064061495,5.634478521539759,27.5330612244898
4,4.0,26.90051812231317,-13.17326516312731,-30.29654592275496,8.825588156533332,32.15383219954649
5,,,,,,0.08626837831906897
6,,,,,,37.13853686635944
