,Unnamed: 0,env_delta,env_max,env_mean,env_std,time
0,0.0,9.117574275593137,-28.431085066475177,-40.212825319162505,4.86494975849171,0.1160997732426304
1,,,,,,2.7177739375320025
2,,,,,,5.676363287250385
3,,,,,,8.634952636968766
4,,,,,,11.421530977982588
5,,,,,,14.242511520737324
6,,,,,,17.02908986175115
7,,,,,,19.91887480798771
8,,,,,,22.739855350742445
9,,,,,,25.56083589349718
10,,,,,,28.48502304147465
11,,,,,,31.40921018945212
