,env_delta,env_max,env_mean,env_std,time
0,5.07104930212,-29.9598791306,-32.3669530915,1.41252302743,0.284444444444
