,env_delta,env_max,env_mean,env_std,time
0,10.9320831318,-31.2981810558,-41.8906430751,3.97615765132,0.139319727891
1,10.2804913826,-31.9497728049,-42.0075154106,3.79222809025,3.08825396825
