,Unnamed: 0,env_delta,env_max,env_mean,env_std,time
0,0,23.26532470220236,-17.509298962849666,-22.65229324368516,2.441942483890457,1.7124716553287982
1,1,23.026537241249088,-17.748086423802942,-24.494428165327466,4.16451476805822,9.618866213151929
2,2,23.134640457174086,-17.639983207877947,-22.133431427227713,3.2948779851013987,16.904126984126986
