,Unnamed: 0,env_delta,env_max,env_mean,env_std,time
0,0.0,3.6951970820569136,-37.86384688677936,-39.103980414928216,0.8907472479391813,2.594829931972789
1,1.0,8.574587561864378,-32.9844564069719,-35.546698032257275,1.7915621397927837,13.426938775510207
2,2.0,4.417374554650613,-37.141669414185664,-38.82056335247227,1.287122551895386,23.695963718820863
3,3.0,9.018603082592193,-32.540440886244085,-35.36570750457156,1.9390449296963512,33.82566893424036
4,4.0,12.581652466179573,-28.977391502656697,-32.19959054304249,2.9463232057744637,43.71156462585034
5,5.0,5.191170447524627,-36.36787352131165,-38.41475783190421,1.7005037562962542,53.713560090702956
6,6.0,6.462632733722223,-35.09641123511405,-40.28723559266308,1.8120668773898128,65.42802721088435
7,7.0,6.13601326069675,-35.42303070813953,-36.90585359161522,1.112754918811301,85.94866213151926
8,,,,,,74.61126197790945
