,Unnamed: 0,time
0,,1.9746015491
1,,6.65128942856
2,,11.3799405067
3,,16.1085915848
4,,20.7333162656
5,,25.254114549
6,,34.7633799039
7,,29.9827656272
8,,39.5439941807
9,,44.2206820602
10,,48.9493331383
11,,53.4181682231
