,Unnamed: 0,env_delta,env_max,env_mean,env_std,time
0,0,23.60536100909965,-20.486222710660588,-40.42874103361414,6.093658838639129,2.2465306122448983
1,1,24.723962494262548,-19.367621225497693,-42.9453095898136,4.9089101317219015,6.983401360544218
2,2,20.23078538691876,-23.860798332841483,-43.05661849729369,3.9504905563184174,11.528707482993198
