,Unnamed: 0,env_delta,env_max,env_mean,env_std,time
0,0.0,10.734979861691713,-33.96468412437924,-44.262613167698795,1.5700871394902776,2.6006349206349206
1,1.0,8.441198746611255,-36.258465239459696,-43.87682629371921,1.5252626305041093,7.732244897959183
2,2.0,9.01896288726121,-35.68070109880974,-44.04795176631056,1.5802763522298218,13.154104308390027
3,3.0,5.291143989195696,-39.408519996875256,-44.509031945217,0.803477190043089,23.52761904761905
4,4.0,3.7751708019038768,-40.92449318416708,-44.57921045554126,0.5837905506688433,28.29351473922902
5,5.0,3.4554648065752147,-41.24419917949574,-44.68784197094984,0.3772773552025801,33.68634920634921
6,,,,,,18.48500475459001
